schema,function_name,definition
public,add_category_to_menu,"CREATE OR REPLACE FUNCTION public.add_category_to_menu(p_menu_id uuid, p_category_id uuid, p_display_order integer DEFAULT 0, p_custom_title text DEFAULT NULL::text)
 RETURNS json
 LANGUAGE plpgsql
 SECURITY DEFINER
AS $function$
BEGIN
    INSERT INTO menu_categories (
        menu_id, category_id, display_order, 
        custom_title, is_active,
        created_at, updated_at
    ) VALUES (
        p_menu_id, p_category_id, p_display_order,
        p_custom_title, true,
        NOW(), NOW()
    )
    ON CONFLICT (menu_id, category_id) 
    DO UPDATE SET
        display_order = EXCLUDED.display_order,
        custom_title = COALESCE(EXCLUDED.custom_title, menu_categories.custom_title),
        is_active = true,
        updated_at = NOW();
    
    RETURN json_build_object(
        'success', true,
        'menu_id', p_menu_id,
        'category_id', p_category_id
    );
END;
$function$
"
public,add_floor_plan_object,"CREATE OR REPLACE FUNCTION public.add_floor_plan_object(p_floor_plan_id uuid, p_name text, p_shape_id text, p_category floor_object_category, p_x numeric DEFAULT 100, p_y numeric DEFAULT 100, p_rotation numeric DEFAULT 0, p_capacity integer DEFAULT NULL::integer, p_width numeric DEFAULT NULL::numeric, p_height numeric DEFAULT NULL::numeric)
 RETURNS json
 LANGUAGE plpgsql
 SECURITY DEFINER
AS $function$DECLARE
  v_floor_plan RECORD;
  v_object_id UUID;
BEGIN
  -- Verify permission
  -- IF NOT has_any_permission(ARRAY['location.floor_plan.manage', 'merchant.settings.manage']) THEN
  --   RAISE EXCEPTION 'Permission denied';
  -- END IF;

  -- Get floor plan info
  SELECT fp.*, fp.merchant_id, fp.location_id
  INTO v_floor_plan
  FROM public.floor_plans fp
  WHERE fp.id = p_floor_plan_id
    AND fp.merchant_id = user_merchant_id();
    -- AND fp.location_id = ANY(user_location_ids());

  IF NOT FOUND THEN
    RAISE EXCEPTION 'Floor plan not found';
  END IF;

  -- Insert object
  INSERT INTO public.floor_plan_objects (
    floor_plan_id, merchant_id, location_id,
    name, shape_id, category,
    x, y, rotation,
    capacity, width, height
  ) VALUES (
    p_floor_plan_id, v_floor_plan.merchant_id, v_floor_plan.location_id,
    p_name, p_shape_id, p_category,
    p_x, p_y, p_rotation,
    p_capacity, p_width, p_height
  )
  RETURNING id INTO v_object_id;

  RETURN json_build_object(
    'success', true,
    'object_id', v_object_id,
    'name', p_name,
    'shape_id', p_shape_id
  );
END;$function$
"
public,add_item_to_category,"CREATE OR REPLACE FUNCTION public.add_item_to_category(p_category_id uuid, p_menu_item_id uuid, p_display_order integer DEFAULT 0, p_custom_price numeric DEFAULT NULL::numeric, p_is_featured boolean DEFAULT false)
 RETURNS json
 LANGUAGE plpgsql
 SECURITY DEFINER
AS $function$
BEGIN
    INSERT INTO category_items (
        category_id, menu_item_id, display_order, 
        custom_price, is_featured, is_available,
        created_at, updated_at
    ) VALUES (
        p_category_id, p_menu_item_id, p_display_order,
        p_custom_price, p_is_featured, true,
        NOW(), NOW()
    )
    ON CONFLICT (category_id, menu_item_id) 
    DO UPDATE SET
        display_order = EXCLUDED.display_order,
        custom_price = COALESCE(EXCLUDED.custom_price, category_items.custom_price),
        is_featured = EXCLUDED.is_featured,
        updated_at = NOW();
    
    RETURN json_build_object(
        'success', true,
        'category_id', p_category_id,
        'menu_item_id', p_menu_item_id
    );
END;
$function$
"
public,add_order_item,"CREATE OR REPLACE FUNCTION public.add_order_item(p_order_id uuid, p_item_name text, p_unit_price numeric, p_menu_item_id uuid DEFAULT NULL::uuid, p_location_exclusive_item_id uuid DEFAULT NULL::uuid, p_item_description text DEFAULT NULL::text, p_category_name text DEFAULT NULL::text, p_cash_price numeric DEFAULT NULL::numeric, p_use_cash_price boolean DEFAULT true, p_quantity integer DEFAULT 1, p_selected_size_id uuid DEFAULT NULL::uuid, p_selected_size_name text DEFAULT NULL::text, p_size_price_modifier numeric DEFAULT 0, p_special_instructions text DEFAULT NULL::text, p_modifiers jsonb DEFAULT '[]'::jsonb, p_prep_station text DEFAULT NULL::text, p_course_number integer DEFAULT NULL::integer)
 RETURNS json
 LANGUAGE plpgsql
 SECURITY DEFINER
AS $function$
DECLARE
  v_item_id UUID;
  v_price_paid NUMERIC(10, 2);
  v_modifier JSONB;
  v_modifier_total NUMERIC(10, 2) := 0;
  v_item_subtotal NUMERIC(10, 2);
  v_merchant_id UUID;
  v_result JSON;
BEGIN
  -- Verify order exists and user has access
  SELECT merchant_id INTO v_merchant_id
  FROM public.orders
  WHERE id = p_order_id
    AND status NOT IN ('completed', 'cancelled', 'void')
    AND merchant_id = user_merchant_id()
    AND location_id = ANY(user_location_ids());
  
  IF NOT FOUND THEN
    RAISE EXCEPTION 'Order not found or cannot be modified';
  END IF;
  
  -- -- Verify user has permission
  -- IF NOT has_permission('location.orders.manage') THEN
  --   RAISE EXCEPTION 'Permission denied: location.orders.manage required';
  -- END IF;
  
  -- Validate required fields
  IF p_item_name IS NULL THEN
    RAISE EXCEPTION 'Item name is required';
  END IF;
  
  IF p_unit_price IS NULL THEN
    RAISE EXCEPTION 'Unit price is required';
  END IF;
  
  -- Determine price to use (cash or card)
  -- POS sends both effective_price and effective_cash_price
  v_price_paid := CASE 
    WHEN p_use_cash_price AND p_cash_price IS NOT NULL THEN p_cash_price
    ELSE p_unit_price
  END;
  
  -- Add size modifier to price
  v_price_paid := v_price_paid + COALESCE(p_size_price_modifier, 0);
  
  -- Calculate modifier total from pre-calculated modifier prices
  IF jsonb_array_length(p_modifiers) > 0 THEN
    SELECT COALESCE(SUM(
      (mod->>'price_modifier')::NUMERIC * COALESCE((mod->>'quantity')::INTEGER, 1)
    ), 0)
    INTO v_modifier_total
    FROM jsonb_array_elements(p_modifiers) AS mod;
  END IF;
  
  -- Calculate item subtotal
  v_item_subtotal := (p_quantity * v_price_paid) + (p_quantity * v_modifier_total);
  
  -- Insert order item with all denormalized data
  INSERT INTO public.order_items (
    order_id,
    -- Item references (for audit/reporting)
    menu_item_id,
    location_exclusive_item_id,
    -- Denormalized item details (snapshot at time of order)
    item_name,
    item_description,
    category_name,
    -- Quantities
    quantity,
    -- Price snapshot (all from POS)
    unit_price,              -- effective_price
    cash_price,              -- effective_cash_price
    price_paid,              -- Actual price used (cash or card)
    subtotal,                -- Total for this line item
    -- Size details
    selected_size_id,
    selected_size_name,
    size_price_modifier,
    -- Instructions
    special_instructions,
    -- Status
    item_status,
    -- Prep info
    prep_station,
    course_number,
    -- Timestamps
    created_at,
    updated_at
  ) VALUES (
    p_order_id,
    p_menu_item_id,
    p_location_exclusive_item_id,
    p_item_name,
    p_item_description,
    p_category_name,
    p_quantity,
    p_unit_price,
    p_cash_price,
    v_price_paid,
    v_item_subtotal,
    p_selected_size_id,
    p_selected_size_name,
    COALESCE(p_size_price_modifier, 0),
    p_special_instructions,
    'pending',
    p_prep_station,
    p_course_number,
    NOW(),
    NOW()
  )
  RETURNING id INTO v_item_id;
  
  -- Add modifiers (pre-calculated prices from POS)
  IF jsonb_array_length(p_modifiers) > 0 THEN
    INSERT INTO public.order_item_modifiers (
      order_item_id,
      modifier_group_id,
      modifier_item_id,
      modifier_group_name,
      modifier_name,
      price_modifier,
      quantity,
      total_price
    )
    SELECT
      v_item_id,
      (mod->>'modifier_group_id')::UUID,
      (mod->>'modifier_item_id')::UUID,
      mod->>'modifier_group_name',
      mod->>'modifier_name',
      (mod->>'price_modifier')::NUMERIC,           -- Pre-calculated from POS
      COALESCE((mod->>'quantity')::INTEGER, 1),
      (mod->>'price_modifier')::NUMERIC * COALESCE((mod->>'quantity')::INTEGER, 1)
    FROM jsonb_array_elements(p_modifiers) AS mod;
  END IF;
  
  -- Return result
  SELECT json_build_object(
    'success', true,
    'order_item_id', v_item_id,
    'item_name', p_item_name,
    'quantity', p_quantity,
    'unit_price', p_unit_price,
    'cash_price', p_cash_price,
    'price_paid', v_price_paid,
    'modifier_total', v_modifier_total,
    'subtotal', v_item_subtotal
  ) INTO v_result;
  
  RETURN v_result;
END;
$function$
"
public,add_order_item_modifier,"CREATE OR REPLACE FUNCTION public.add_order_item_modifier(p_order_item_id uuid, p_modifier_group_id uuid, p_modifier_item_id uuid, p_modifier_group_name text, p_modifier_name text, p_price_modifier numeric, p_quantity integer DEFAULT 1)
 RETURNS json
 LANGUAGE plpgsql
 SECURITY DEFINER
AS $function$
DECLARE
  v_order_id UUID;
  v_item_quantity INTEGER;
  v_price_paid NUMERIC(10, 2);
  v_modifier_id UUID;
  v_new_modifier_total NUMERIC(10, 2);
  v_new_subtotal NUMERIC(10, 2);
  v_result JSON;
BEGIN
  -- Get item details and verify access
  SELECT 
    oi.order_id,
    oi.quantity,
    oi.price_paid
  INTO v_order_id, v_item_quantity, v_price_paid
  FROM public.order_items oi
  JOIN public.orders o ON o.id = oi.order_id
  WHERE oi.id = p_order_item_id
    AND oi.is_voided = FALSE
    AND o.merchant_id = user_merchant_id()
    AND o.location_id = ANY(user_location_ids())
    AND o.status NOT IN ('completed', 'cancelled', 'void');

  IF NOT FOUND THEN
    RAISE EXCEPTION 'Order item not found or cannot be modified';
  END IF;

  -- Verify permission
  -- IF NOT has_permission('location.orders.manage') THEN
  --   RAISE EXCEPTION 'Permission denied';
  -- END IF;

  -- Insert modifier
  INSERT INTO public.order_item_modifiers (
    order_item_id,
    modifier_group_id,
    modifier_item_id,
    modifier_group_name,
    modifier_name,
    price_modifier,
    quantity,
    total_price
  ) VALUES (
    p_order_item_id,
    p_modifier_group_id,
    p_modifier_item_id,
    p_modifier_group_name,
    p_modifier_name,
    p_price_modifier,
    p_quantity,
    p_price_modifier * p_quantity
  )
  RETURNING id INTO v_modifier_id;

  -- Calculate new totals
  SELECT COALESCE(SUM(total_price), 0)
  INTO v_new_modifier_total
  FROM public.order_item_modifiers
  WHERE order_item_id = p_order_item_id;

  v_new_subtotal := (v_item_quantity * v_price_paid) + (v_item_quantity * v_new_modifier_total);

  -- Update item subtotal
  UPDATE public.order_items
  SET 
    subtotal = v_new_subtotal,
    updated_at = NOW()
  WHERE id = p_order_item_id;

  SELECT json_build_object(
    'success', true,
    'modifier_id', v_modifier_id,
    'order_item_id', p_order_item_id,
    'modifier_name', p_modifier_name,
    'modifier_total', v_new_modifier_total,
    'new_subtotal', v_new_subtotal
  ) INTO v_result;

  RETURN v_result;
END;
$function$
"
public,add_order_item_with_course,"CREATE OR REPLACE FUNCTION public.add_order_item_with_course(p_order_id uuid, p_item_name text, p_unit_price numeric, p_quantity integer DEFAULT 1, p_course_number integer DEFAULT NULL::integer, p_menu_item_id uuid DEFAULT NULL::uuid, p_location_exclusive_item_id uuid DEFAULT NULL::uuid, p_item_description text DEFAULT NULL::text, p_category_name text DEFAULT NULL::text, p_cash_price numeric DEFAULT NULL::numeric, p_use_cash_price boolean DEFAULT false, p_selected_size_id uuid DEFAULT NULL::uuid, p_selected_size_name text DEFAULT NULL::text, p_size_price_modifier numeric DEFAULT 0, p_special_instructions text DEFAULT NULL::text, p_modifiers jsonb DEFAULT '[]'::jsonb, p_prep_station text DEFAULT NULL::text)
 RETURNS json
 LANGUAGE plpgsql
 SECURITY DEFINER
AS $function$
DECLARE
  v_order RECORD;
  v_course INTEGER;
  v_course_status TEXT;
  v_order_item_id UUID;
  v_effective_price NUMERIC;
  v_modifier_total NUMERIC := 0;
  v_subtotal NUMERIC;
  v_mod JSONB;
BEGIN
  -- Get order and validate
  SELECT o.*, ts.working_course
  INTO v_order
  FROM public.orders o
  LEFT JOIN public.table_sessions ts ON ts.order_id = o.id AND ts.is_active = TRUE
  WHERE o.id = p_order_id
    AND o.merchant_id = user_merchant_id()
    AND o.location_id = ANY(user_location_ids());

  IF NOT FOUND THEN
    RAISE EXCEPTION 'Order not found';
  END IF;

  -- Determine course number
  v_course := COALESCE(p_course_number, v_order.working_course, 1);

  -- Check if course is still open
  SELECT status INTO v_course_status
  FROM public.order_courses
  WHERE order_id = p_order_id AND course_number = v_course;

  IF v_course_status IS NOT NULL AND v_course_status != 'open' THEN
    RAISE EXCEPTION 'Cannot add items to course % - it has already been fired', v_course;
  END IF;

  -- Ensure course exists
  PERFORM public.ensure_course_exists(p_order_id, v_course);

  -- Calculate effective price
  v_effective_price := CASE 
    WHEN p_use_cash_price AND p_cash_price IS NOT NULL THEN p_cash_price
    ELSE p_unit_price
  END + COALESCE(p_size_price_modifier, 0);

  -- Calculate modifier total
  FOR v_mod IN SELECT * FROM jsonb_array_elements(p_modifiers)
  LOOP
    v_modifier_total := v_modifier_total + 
      COALESCE((v_mod->>'price_modifier')::NUMERIC, 0) * 
      COALESCE((v_mod->>'quantity')::INTEGER, 1);
  END LOOP;

  -- Calculate subtotal
  v_subtotal := (v_effective_price + v_modifier_total) * p_quantity;

  -- Insert item
  INSERT INTO public.order_items (
    order_id, menu_item_id, location_exclusive_item_id,
    item_name, item_description, category_name,
    unit_price, cash_price,
    selected_size_id, selected_size_name, size_price_modifier,
    quantity, subtotal,
    special_instructions, prep_station,
    course_number
  ) VALUES (
    p_order_id, p_menu_item_id, p_location_exclusive_item_id,
    p_item_name, p_item_description, p_category_name,
    p_unit_price, p_cash_price,
    p_selected_size_id, p_selected_size_name, p_size_price_modifier,
    p_quantity, v_subtotal,
    p_special_instructions, p_prep_station,
    v_course
  )
  RETURNING id INTO v_order_item_id;

  -- Insert modifiers
  FOR v_mod IN SELECT * FROM jsonb_array_elements(p_modifiers)
  LOOP
    INSERT INTO public.order_item_modifiers (
      order_item_id,
      modifier_group_id,
      modifier_item_id,
      modifier_group_name,
      modifier_name,
      price_modifier,
      quantity
    ) VALUES (
      v_order_item_id,
      (v_mod->>'modifier_group_id')::UUID,
      (v_mod->>'modifier_item_id')::UUID,
      v_mod->>'modifier_group_name',
      v_mod->>'modifier_name',
      COALESCE((v_mod->>'price_modifier')::NUMERIC, 0),
      COALESCE((v_mod->>'quantity')::INTEGER, 1)
    );
  END LOOP;

  RETURN json_build_object(
    'success', true,
    'order_item_id', v_order_item_id,
    'course_number', v_course,
    'subtotal', v_subtotal
  );
END;
$function$
"
public,add_order_items_batch,"CREATE OR REPLACE FUNCTION public.add_order_items_batch(p_order_id uuid, p_items jsonb)
 RETURNS json
 LANGUAGE plpgsql
 SECURITY DEFINER
AS $function$
DECLARE
  v_item JSONB;
  v_item_id UUID;
  v_price_paid NUMERIC(10, 2);
  v_modifier_total NUMERIC(10, 2);
  v_item_subtotal NUMERIC(10, 2);
  v_merchant_id UUID;
  v_inserted_items UUID[] := ARRAY[]::UUID[];
  v_total_items INTEGER := 0;
  v_total_amount NUMERIC(10, 2) := 0;
  v_result JSON;
BEGIN
  -- Verify order exists and user has access
  SELECT merchant_id INTO v_merchant_id
  FROM public.orders
  WHERE id = p_order_id
    AND status NOT IN ('completed', 'cancelled', 'void')
    AND merchant_id = user_merchant_id()
    AND location_id = ANY(user_location_ids());
  
  IF NOT FOUND THEN
    RAISE EXCEPTION 'Order not found or cannot be modified';
  END IF;
  
  -- -- Verify user has permission
  -- IF NOT has_permission('location.orders.manage') THEN
  --   RAISE EXCEPTION 'Permission denied: location.orders.manage required';
  -- END IF;
  
  -- Process each item
  FOR v_item IN SELECT * FROM jsonb_array_elements(p_items)
  LOOP
    -- Calculate price to use
    v_price_paid := CASE 
      WHEN (v_item->>'use_cash_price')::BOOLEAN AND (v_item->>'cash_price') IS NOT NULL 
        THEN (v_item->>'cash_price')::NUMERIC
      ELSE (v_item->>'unit_price')::NUMERIC
    END;
    
    -- Add size modifier
    v_price_paid := v_price_paid + COALESCE((v_item->>'size_price_modifier')::NUMERIC, 0);
    
    -- Calculate modifier total
    SELECT COALESCE(SUM(
      (mod->>'price_modifier')::NUMERIC * COALESCE((mod->>'quantity')::INTEGER, 1)
    ), 0)
    INTO v_modifier_total
    FROM jsonb_array_elements(COALESCE(v_item->'modifiers', '[]'::jsonb)) AS mod;
    
    -- Calculate subtotal
    v_item_subtotal := (COALESCE((v_item->>'quantity')::INTEGER, 1) * v_price_paid) + 
                       (COALESCE((v_item->>'quantity')::INTEGER, 1) * v_modifier_total);
    
    -- Insert item
    INSERT INTO public.order_items (
      order_id,
      menu_item_id,
      location_exclusive_item_id,
      item_name,
      item_description,
      category_name,
      quantity,
      unit_price,
      cash_price,
      price_paid,
      subtotal,
      selected_size_id,
      selected_size_name,
      size_price_modifier,
      special_instructions,
      item_status,
      prep_station,
      course_number,
      created_at,
      updated_at
    ) VALUES (
      p_order_id,
      (v_item->>'menu_item_id')::UUID,
      (v_item->>'location_exclusive_item_id')::UUID,
      v_item->>'item_name',
      v_item->>'item_description',
      v_item->>'category_name',
      COALESCE((v_item->>'quantity')::INTEGER, 1),
      (v_item->>'unit_price')::NUMERIC,
      (v_item->>'cash_price')::NUMERIC,
      v_price_paid,
      v_item_subtotal,
      (v_item->>'selected_size_id')::UUID,
      v_item->>'selected_size_name',
      COALESCE((v_item->>'size_price_modifier')::NUMERIC, 0),
      v_item->>'special_instructions',
      'pending',
      v_item->>'prep_station',
      (v_item->>'course_number')::INTEGER,
      NOW(),
      NOW()
    )
    RETURNING id INTO v_item_id;
    
    -- Add modifiers for this item
    IF jsonb_array_length(COALESCE(v_item->'modifiers', '[]'::jsonb)) > 0 THEN
      INSERT INTO public.order_item_modifiers (
        order_item_id,
        modifier_group_id,
        modifier_item_id,
        modifier_group_name,
        modifier_name,
        price_modifier,
        quantity,
        total_price
      )
      SELECT
        v_item_id,
        (mod->>'modifier_group_id')::UUID,
        (mod->>'modifier_item_id')::UUID,
        mod->>'modifier_group_name',
        mod->>'modifier_name',
        (mod->>'price_modifier')::NUMERIC,
        COALESCE((mod->>'quantity')::INTEGER, 1),
        (mod->>'price_modifier')::NUMERIC * COALESCE((mod->>'quantity')::INTEGER, 1)
      FROM jsonb_array_elements(v_item->'modifiers') AS mod;
    END IF;
    
    v_inserted_items := array_append(v_inserted_items, v_item_id);
    v_total_items := v_total_items + 1;
    v_total_amount := v_total_amount + v_item_subtotal;
  END LOOP;
  
  -- Return result
  SELECT json_build_object(
    'success', true,
    'order_id', p_order_id,
    'items_added', v_total_items,
    'item_ids', v_inserted_items,
    'batch_total', v_total_amount
  ) INTO v_result;
  
  RETURN v_result;
END;
$function$
"
public,add_to_waitlist,"CREATE OR REPLACE FUNCTION public.add_to_waitlist(p_location_id uuid, p_party_name text, p_party_size integer, p_phone text DEFAULT NULL::text, p_email text DEFAULT NULL::text, p_preferred_section text DEFAULT NULL::text, p_seating_preference text DEFAULT NULL::text, p_notes text DEFAULT NULL::text, p_quoted_wait_minutes integer DEFAULT NULL::integer)
 RETURNS json
 LANGUAGE plpgsql
 SECURITY DEFINER
AS $function$DECLARE
  v_merchant_id UUID;
  v_waitlist_id UUID;
  v_position INTEGER;
  v_calculated_wait INTEGER;
BEGIN
  -- Verify permission
  -- IF NOT has_any_permission(ARRAY['location.waitlist.manage', 'location.tables.manage']) THEN
  --   RAISE EXCEPTION 'Permission denied';
  -- END IF;

  -- Get merchant ID
  v_merchant_id := user_merchant_id();
  
  -- -- Verify location access
  -- IF NOT p_location_id = ANY(user_location_ids()) THEN
  --   RAISE EXCEPTION 'Location access denied';
  -- END IF;

  -- Get current position in queue
  SELECT COUNT(*) + 1 INTO v_position
  FROM public.waitlist
  WHERE location_id = p_location_id AND status = 'waiting';

  -- Calculate estimated wait if not provided
  IF p_quoted_wait_minutes IS NULL THEN
    v_calculated_wait := public.estimate_wait_time(p_location_id, p_party_size);
  ELSE
    v_calculated_wait := p_quoted_wait_minutes;
  END IF;

  -- Create waitlist entry
  INSERT INTO public.waitlist (
    merchant_id, location_id,
    party_name, party_size, phone, email,
    preferred_section, seating_preference, notes,
    quoted_wait_minutes, estimated_ready_at,
    position_in_queue,
    created_by_staff_id
  ) VALUES (
    v_merchant_id, p_location_id,
    p_party_name, p_party_size, p_phone, p_email,
    p_preferred_section, p_seating_preference, p_notes,
    v_calculated_wait, NOW() + (v_calculated_wait || ' minutes')::INTERVAL,
    v_position,
    user_staff_profile_id()
  )
  RETURNING id INTO v_waitlist_id;

  RETURN json_build_object(
    'success', true,
    'waitlist_id', v_waitlist_id,
    'position', v_position,
    'quoted_wait_minutes', v_calculated_wait,
    'estimated_ready_at', NOW() + (v_calculated_wait || ' minutes')::INTERVAL,
    'party_name', p_party_name
  );
END;$function$
"
public,advance_course,"CREATE OR REPLACE FUNCTION public.advance_course(p_session_id uuid, p_fire_course boolean DEFAULT true, p_notes text DEFAULT NULL::text)
 RETURNS json
 LANGUAGE plpgsql
 SECURITY DEFINER
AS $function$
DECLARE
  v_current_course INTEGER;
  v_total_courses INTEGER;
  v_event_type session_event_type;
BEGIN
  -- Get current course info
  SELECT current_course, total_courses
  INTO v_current_course, v_total_courses
  FROM public.table_sessions
  WHERE id = p_session_id
    AND is_active = TRUE
    AND merchant_id = user_merchant_id()
    AND location_id = ANY(user_location_ids());

  IF NOT FOUND THEN
    RAISE EXCEPTION 'Session not found';
  END IF;

  -- Advance course
  v_current_course := v_current_course + 1;

  UPDATE public.table_sessions
  SET current_course = v_current_course, updated_at = NOW()
  WHERE id = p_session_id;

  -- Record event
  v_event_type := CASE v_current_course
    WHEN 1 THEN 'appetizers_fired'::session_event_type
    WHEN 2 THEN 'mains_fired'::session_event_type
    WHEN 3 THEN 'desserts_fired'::session_event_type
    ELSE 'custom'::session_event_type
  END;

  IF p_fire_course THEN
    INSERT INTO public.table_session_events (
      session_id, event_type, notes,
      event_data, triggered_by_staff_id, triggered_by_user_id
    ) VALUES (
      p_session_id, v_event_type, p_notes,
      jsonb_build_object('course_number', v_current_course),
      user_staff_profile_id(), get_my_claim('sub')
    );
  END IF;

  RETURN json_build_object(
    'success', true,
    'session_id', p_session_id,
    'current_course', v_current_course,
    'total_courses', v_total_courses,
    'is_final_course', v_current_course >= v_total_courses
  );
END;
$function$
"
public,approve_shift_swap,"CREATE OR REPLACE FUNCTION public.approve_shift_swap(p_request_id uuid, p_manager_id uuid)
 RETURNS boolean
 LANGUAGE plpgsql
 SECURITY DEFINER
AS $function$
DECLARE
    v_req record;
BEGIN
    -- 1. Get request details
    SELECT * INTO v_req FROM shift_trade_requests WHERE id = p_request_id;
    
    IF NOT FOUND THEN RAISE EXCEPTION 'Request not found'; END IF;
    IF v_req.status != 'pending_manager' THEN RAISE EXCEPTION 'Request is not pending approval'; END IF;

    -- 2. Swap the employees on the actual shifts
    -- Assign Requester's Shift -> Recipient
    UPDATE shifts 
    SET employee_id = v_req.recipient_id, status = 'published'
    WHERE id = v_req.offered_shift_id;

    -- Assign Recipient's Shift -> Requester
    UPDATE shifts 
    SET employee_id = v_req.requester_id, status = 'published'
    WHERE id = v_req.requested_shift_id;

    -- 3. Mark Request as Approved
    UPDATE shift_trade_requests 
    SET status = 'approved', reviewed_by = p_manager_id 
    WHERE id = p_request_id;

    RETURN true;
END;
$function$
"
public,assign_reservation_tables,"CREATE OR REPLACE FUNCTION public.assign_reservation_tables(p_reservation_id uuid, p_table_ids uuid[])
 RETURNS json
 LANGUAGE plpgsql
 SECURITY DEFINER
AS $function$BEGIN
  UPDATE public.reservations
  SET assigned_table_ids = p_table_ids, updated_at = NOW()
  WHERE id = p_reservation_id
    AND merchant_id = user_merchant_id();
    -- AND location_id = ANY(user_location_ids());

  IF NOT FOUND THEN
    RAISE EXCEPTION 'Reservation not found';
  END IF;

  RETURN json_build_object(
    'success', true,
    'reservation_id', p_reservation_id,
    'assigned_table_ids', p_table_ids
  );
END;$function$
"
public,calculate_event_timing,"CREATE OR REPLACE FUNCTION public.calculate_event_timing()
 RETURNS trigger
 LANGUAGE plpgsql
AS $function$
DECLARE
  last_event_time TIMESTAMPTZ;
BEGIN
  SELECT occurred_at INTO last_event_time
  FROM public.table_session_events
  WHERE session_id = NEW.session_id
    AND occurred_at < NEW.occurred_at
  ORDER BY occurred_at DESC
  LIMIT 1;
  
  IF last_event_time IS NOT NULL THEN
    NEW.minutes_since_previous := EXTRACT(EPOCH FROM (NEW.occurred_at - last_event_time)) / 60;
  END IF;
  
  RETURN NEW;
END;
$function$
"
public,calculate_order_tax,"CREATE OR REPLACE FUNCTION public.calculate_order_tax(p_order_id uuid)
 RETURNS json
 LANGUAGE plpgsql
 SECURITY DEFINER
AS $function$DECLARE
  v_location_id uuid;
  v_subtotal NUMERIC(10, 2);
  v_calculated_tax NUMERIC(10, 2);
  v_result JSON;
BEGIN
  -- Verify context
  SELECT location_id, subtotal INTO v_location_id, v_subtotal
  FROM public.orders
  WHERE id = p_order_id AND merchant_id = user_merchant_id() AND location_id = ANY(user_location_ids());
  
  IF NOT FOUND THEN RAISE EXCEPTION 'Order not found'; END IF;

  -- Smart Calculation
  SELECT COALESCE(SUM(
    CASE 
        -- 1. Exemption Check (L2 Override -> L1 Global)
        WHEN COALESCE(lio.is_tax_exempt, mi.is_tax_exempt, false) = true THEN 0
        -- 2. Rate Lookup (Location Rate matching Item Category)
        ELSE ROUND(oi.subtotal * (COALESCE(tr.percentage, 0) / 100), 2)
    END
  ), 0) INTO v_calculated_tax
  FROM order_items oi
  JOIN menu_items mi ON mi.id = oi.menu_item_id
  LEFT JOIN location_item_overrides lio ON lio.menu_item_id = mi.id AND lio.location_id = v_location_id
  LEFT JOIN tax_rates tr ON tr.location_id = v_location_id 
      AND tr.tax_category = COALESCE(lio.tax_category, mi.tax_category, 'standard') 
      AND tr.is_active = true
  WHERE oi.order_id = p_order_id AND oi.item_status != 'voided';

  -- Update Order
  UPDATE public.orders
  SET tax_amount = v_calculated_tax,
      total_amount = subtotal + v_calculated_tax + COALESCE(service_charge, 0) - COALESCE(discount_amount, 0),
      amount_due = (subtotal + v_calculated_tax + COALESCE(service_charge, 0) - COALESCE(discount_amount, 0)) - COALESCE(amount_paid, 0),
      updated_at = NOW()
  WHERE id = p_order_id;
  
  SELECT json_build_object('success', true, 'tax_amount', v_calculated_tax) INTO v_result;
  RETURN v_result;
END;$function$
"
public,can_modify_item,"CREATE OR REPLACE FUNCTION public.can_modify_item(p_order_item_id uuid)
 RETURNS boolean
 LANGUAGE plpgsql
 SECURITY DEFINER
AS $function$
DECLARE
  v_order_id UUID;
  v_course_number INTEGER;
  v_course_status TEXT;
BEGIN
  -- Get item's order and course
  SELECT order_id, course_number INTO v_order_id, v_course_number
  FROM public.order_items
  WHERE id = p_order_item_id;

  IF v_order_id IS NULL THEN
    RETURN FALSE;
  END IF;

  -- Check course status
  SELECT status INTO v_course_status
  FROM public.order_courses
  WHERE order_id = v_order_id AND course_number = v_course_number;

  -- Can modify if course doesn't exist yet or is still open
  RETURN v_course_status IS NULL OR v_course_status = 'open';
END;
$function$
"
public,cancel_order,"CREATE OR REPLACE FUNCTION public.cancel_order(p_order_id uuid, p_cancel_reason text DEFAULT 'Customer cancelled'::text)
 RETURNS json
 LANGUAGE plpgsql
 SECURITY DEFINER
AS $function$
DECLARE
  v_order_status TEXT;
  v_result JSON;
BEGIN
  -- Get order status
  SELECT status INTO v_order_status
  FROM public.orders
  WHERE id = p_order_id
    AND merchant_id = user_merchant_id()
    AND location_id = ANY(user_location_ids());

  IF NOT FOUND THEN
    RAISE EXCEPTION 'Order not found';
  END IF;

  -- For draft/pending orders, we can cancel with lower permission
  IF v_order_status IN ('draft', 'pending') THEN
    -- Just need regular order manage permission
    -- IF NOT has_permission('location.orders.manage') THEN
    --   RAISE EXCEPTION 'Permission denied';
    -- END IF;

    -- Delete items (hard delete for draft)
    DELETE FROM public.order_item_modifiers oim
    USING public.order_items oi
    WHERE oim.order_item_id = oi.id AND oi.order_id = p_order_id;

    DELETE FROM public.order_items WHERE order_id = p_order_id;

    -- Update order to cancelled
    UPDATE public.orders
    SET 
      status = 'cancelled',
      void_reason = p_cancel_reason,
      updated_at = NOW()
    WHERE id = p_order_id;

    -- Close table session if linked
    UPDATE public.table_sessions
    SET 
      is_active = FALSE,
      status = 'available',
      closed_at = NOW()
    WHERE order_id = p_order_id AND is_active = TRUE;

    SELECT json_build_object(
      'success', true,
      'order_id', p_order_id,
      'action', 'cancelled',
      'reason', p_cancel_reason
    ) INTO v_result;

    RETURN v_result;
  ELSE
    -- For confirmed orders, use void_order
    RETURN public.void_order(p_order_id, p_cancel_reason);
  END IF;
END;
$function$
"
public,check_merchant_access,"CREATE OR REPLACE FUNCTION public.check_merchant_access(target_merchant_id uuid, required_permission text DEFAULT NULL::text)
 RETURNS boolean
 LANGUAGE plpgsql
 SECURITY DEFINER
AS $function$
DECLARE
    current_clerk_user_id TEXT;
    merchant_clerk_org_id TEXT;
    carrier_id_lookup UUID;
    user_role_code TEXT;
BEGIN
    -- 1. Get Current User
    current_clerk_user_id := get_my_claim('sub')::text; -- Or use your request_user_id() helper
    IF current_clerk_user_id IS NULL THEN RETURN FALSE; END IF;

    -- 2. DEXA HQ OVERRIDE (Manage Everything)
    -- Replace with your actual HQ Org ID check or is_dexa_admin() function
    IF is_dexapos_admin()
    THEN
        RETURN TRUE;
    END IF;

    -- 3. Get Merchant Context (Clerk Org ID & Carrier ID)
    SELECT clerk_org_id, carrier_id INTO merchant_clerk_org_id, carrier_id_lookup
    FROM merchants
    WHERE id = target_merchant_id;

    -- 4. CARRIER OVERRIDE (Manage their merchants)
    IF EXISTS (
        SELECT 1 FROM members m
        JOIN carriers c ON c.clerk_org_id = m.organization_id
        WHERE m.user_id = current_clerk_user_id
        AND c.id = carrier_id_lookup
        -- Optional: Check if carrier member has specific carrier permissions here
    ) THEN
        RETURN TRUE;
    END IF;

    -- 5. MERCHANT ACCESS CHECK
    -- Get the user's role within this specific merchant
    SELECT role INTO user_role_code
    FROM members
    WHERE user_id = current_clerk_user_id
    AND organization_id = merchant_clerk_org_id;

    IF user_role_code IS NULL THEN
        RETURN FALSE; -- Not a member of this merchant
    END IF;

    -- If no specific permission is required (Read-Only access), basic membership is enough
    IF required_permission IS NULL THEN
        RETURN TRUE;
    END IF;

    -- 6. PERMISSION CHECK (Dynamic)
    -- specific override for your requirement: Owner/Admin always allow
    IF user_role_code IN ('merchant.owner', 'merchant.admin') THEN
        RETURN TRUE;
    END IF;

    -- Check if the user's role maps to the required permission code
    RETURN EXISTS (
        SELECT 1 FROM role_permissions
        WHERE role_code = user_role_code
        AND permission_code = required_permission
    );
END;
$function$
"
public,check_modifier_group_usage,"CREATE OR REPLACE FUNCTION public.check_modifier_group_usage()
 RETURNS trigger
 LANGUAGE plpgsql
AS $function$
DECLARE
    v_usage_count INTEGER;
    v_is_location_specific BOOLEAN;
BEGIN
    -- Check if this is a location-specific group
    SELECT (location_id IS NOT NULL) INTO v_is_location_specific
    FROM modifier_groups WHERE id = OLD.id;

    -- Only check usage for location-specific groups
    -- Global groups can always be deleted (they cascade to overrides)
    IF v_is_location_specific THEN
        -- Count how many menu items use this modifier group
        SELECT COUNT(*) INTO v_usage_count
        FROM menu_item_modifier_groups
        WHERE modifier_group_id = OLD.id;

        IF v_usage_count > 0 THEN
            RAISE EXCEPTION
                'Cannot delete location-specific modifier group: assigned to % menu item(s). Please unassign it from all menu items first.',
                v_usage_count;
        END IF;
    END IF;

    RETURN OLD;
END;
$function$
"
public,check_schedule_usage,"CREATE OR REPLACE FUNCTION public.check_schedule_usage()
 RETURNS trigger
 LANGUAGE plpgsql
AS $function$
DECLARE
    v_usage_count INTEGER;
    v_is_location_specific BOOLEAN;
BEGIN
    -- Check if this is a location-specific schedule
    SELECT (location_id IS NOT NULL) INTO v_is_location_specific
    FROM schedules WHERE id = OLD.id;

    -- Only check usage for location-specific schedules
    -- Global schedules can always be deleted (they cascade to overrides)
    IF v_is_location_specific THEN
        -- Count how many categories/menus use this schedule
        SELECT
            (SELECT COUNT(*) FROM category_schedules WHERE schedule_id = OLD.id) +
            (SELECT COUNT(*) FROM menu_schedules WHERE schedule_id = OLD.id)
        INTO v_usage_count;

        IF v_usage_count > 0 THEN
            RAISE EXCEPTION
                'Cannot delete location-specific schedule: assigned to % menu(s) or category(ies). Please unassign it first.',
                v_usage_count;
        END IF;
    END IF;

    RETURN OLD;
END;
$function$
"
public,check_table_availability,"CREATE OR REPLACE FUNCTION public.check_table_availability(p_location_id uuid, p_date date, p_time time without time zone, p_party_size integer, p_duration_minutes integer DEFAULT 90)
 RETURNS json
 LANGUAGE plpgsql
 SECURITY DEFINER
AS $function$
DECLARE
  v_start_time TIMESTAMP;
  v_end_time TIMESTAMP;
BEGIN
  v_start_time := p_date + p_time;
  v_end_time := v_start_time + (p_duration_minutes || ' minutes')::INTERVAL;

  RETURN (
    SELECT json_build_object(
      'available_tables', COALESCE(json_agg(
        json_build_object(
          'id', fpo.id,
          'name', fpo.name,
          'shape_id', fpo.shape_id,
          'capacity', fpo.capacity,
          'zone_name', fpo.zone_name
        )
      ), '[]'::json),
      'total_available', COUNT(*)
    )
    FROM public.floor_plan_objects fpo
    WHERE fpo.location_id = p_location_id
      AND fpo.category IN ('table', 'booth')
      AND fpo.is_active = TRUE
      AND fpo.is_reservable = TRUE
      AND fpo.capacity >= p_party_size
      -- Not reserved during the requested window
      AND NOT EXISTS (
        SELECT 1 FROM public.reservations r
        WHERE r.assigned_table_ids @> ARRAY[fpo.id]
          AND r.status NOT IN ('cancelled', 'no_show', 'completed')
          AND r.reservation_date = p_date
          AND (
            -- Existing reservation overlaps with requested time
            (r.reservation_time, r.reservation_time + (r.duration_minutes || ' minutes')::INTERVAL)
            OVERLAPS
            (p_time, p_time + (p_duration_minutes || ' minutes')::INTERVAL)
          )
      )
  );
END;
$function$
"
public,clear_order_item_instructions,"CREATE OR REPLACE FUNCTION public.clear_order_item_instructions(p_order_item_id uuid)
 RETURNS json
 LANGUAGE plpgsql
 SECURITY DEFINER
AS $function$
DECLARE
  v_order_id UUID;
  v_result JSON;
BEGIN
  -- Verify access
  SELECT oi.order_id INTO v_order_id
  FROM public.order_items oi
  JOIN public.orders o ON o.id = oi.order_id
  WHERE oi.id = p_order_item_id
    AND oi.is_voided = FALSE
    AND o.merchant_id = user_merchant_id()
    AND o.location_id = ANY(user_location_ids())
    AND o.status NOT IN ('completed', 'cancelled', 'void');

  IF NOT FOUND THEN
    RAISE EXCEPTION 'Order item not found or cannot be modified';
  END IF;

  -- Verify permission
  -- IF NOT has_permission('location.orders.manage') THEN
  --   RAISE EXCEPTION 'Permission denied';
  -- END IF;

  -- Clear instructions
  UPDATE public.order_items
  SET 
    special_instructions = NULL,
    updated_at = NOW()
  WHERE id = p_order_item_id;

  SELECT json_build_object(
    'success', true,
    'order_item_id', p_order_item_id,
    'special_instructions', NULL
  ) INTO v_result;

  RETURN v_result;
END;
$function$
"
public,clear_order_items,"CREATE OR REPLACE FUNCTION public.clear_order_items(p_order_id uuid)
 RETURNS json
 LANGUAGE plpgsql
 SECURITY DEFINER
AS $function$
DECLARE
  v_order_status TEXT;
  v_removed_count INTEGER;
  v_result JSON;
BEGIN
  -- Verify order and status
  SELECT status INTO v_order_status
  FROM public.orders
  WHERE id = p_order_id
    AND merchant_id = user_merchant_id()
    AND location_id = ANY(user_location_ids());

  IF NOT FOUND THEN
    RAISE EXCEPTION 'Order not found';
  END IF;

  IF v_order_status NOT IN ('draft', 'pending') THEN
    RAISE EXCEPTION 'Cannot clear items from % orders', v_order_status;
  END IF;

  -- Verify permission
  -- IF NOT has_permission('location.orders.manage') THEN
  --   RAISE EXCEPTION 'Permission denied';
  -- END IF;

  -- Delete all modifiers
  DELETE FROM public.order_item_modifiers oim
  USING public.order_items oi
  WHERE oim.order_item_id = oi.id AND oi.order_id = p_order_id;

  -- Delete all items
  DELETE FROM public.order_items WHERE order_id = p_order_id;
  
  GET DIAGNOSTICS v_removed_count = ROW_COUNT;

  -- Reset order totals
  UPDATE public.orders
  SET 
    subtotal = 0,
    tax_amount = 0,
    total_amount = 0,
    updated_at = NOW()
  WHERE id = p_order_id;

  SELECT json_build_object(
    'success', true,
    'order_id', p_order_id,
    'removed_count', v_removed_count
  ) INTO v_result;

  RETURN v_result;
END;
$function$
"
public,copy_schedule_shifts,"CREATE OR REPLACE FUNCTION public.copy_schedule_shifts(p_source_schedule_id uuid, p_target_schedule_id uuid, p_include_employees boolean DEFAULT true)
 RETURNS void
 LANGUAGE plpgsql
 SECURITY DEFINER
AS $function$
DECLARE
    v_source_start date;
    v_target_start date;
    v_days_diff integer;
BEGIN
    -- 1. Get date difference to shift the timestamps
    SELECT start_date INTO v_source_start FROM schedules WHERE id = p_source_schedule_id;
    SELECT start_date INTO v_target_start FROM schedules WHERE id = p_target_schedule_id;
    
    v_days_diff := v_target_start - v_source_start;

    -- 2. Clone Shifts
    INSERT INTO shifts (
        merchant_id, location_id, schedule_id, 
        employee_id, role_name, 
        start_time, end_time, 
        color, notes, status
    )
    SELECT 
        merchant_id, location_id, p_target_schedule_id,
        CASE WHEN p_include_employees THEN employee_id ELSE NULL END, -- Option to copy structure only
        role_name,
        start_time + (v_days_diff || ' days')::interval, -- Shift the dates
        end_time + (v_days_diff || ' days')::interval,
        color, notes,
        'draft' -- Always copy as draft first!
    FROM shifts 
    WHERE schedule_id = p_source_schedule_id;
END;
$function$
"
public,create_floor_plan,"CREATE OR REPLACE FUNCTION public.create_floor_plan(p_location_id uuid, p_name text, p_description text DEFAULT NULL::text, p_canvas_width integer DEFAULT 1200, p_canvas_height integer DEFAULT 800, p_is_default boolean DEFAULT false)
 RETURNS json
 LANGUAGE plpgsql
 SECURITY DEFINER
AS $function$
DECLARE
  v_merchant_id UUID;
  v_floor_plan_id UUID;
BEGIN
  -- Verify permission
  -- IF NOT has_any_permission(ARRAY['location.floor_plan.manage', 'merchant.settings.manage']) THEN
  --   RAISE EXCEPTION 'Permission denied: location.floor_plan.manage required';
  -- END IF;

  -- Get merchant ID
  v_merchant_id := user_merchant_id();
  
  -- Verify location access
  IF NOT p_location_id = ANY(user_location_ids()) THEN
    RAISE EXCEPTION 'Location access denied';
  END IF;

  -- If setting as default, unset others
  IF p_is_default THEN
    UPDATE public.floor_plans 
    SET is_default = FALSE 
    WHERE location_id = p_location_id;
  END IF;

  -- Create floor plan
  INSERT INTO public.floor_plans (
    merchant_id, location_id, name, description,
    canvas_width, canvas_height, is_default,
    created_by
  ) VALUES (
    v_merchant_id, p_location_id, p_name, p_description,
    p_canvas_width, p_canvas_height, p_is_default,
    user_staff_profile_id()
  )
  RETURNING id INTO v_floor_plan_id;

  RETURN json_build_object(
    'success', true,
    'floor_plan_id', v_floor_plan_id,
    'name', p_name
  );
END;
$function$
"
public,create_next_course,"CREATE OR REPLACE FUNCTION public.create_next_course(p_order_id uuid)
 RETURNS json
 LANGUAGE plpgsql
 SECURITY DEFINER
AS $function$
DECLARE
  v_next_course INTEGER;
  v_course_id UUID;
BEGIN
  -- Get next course number
  SELECT COALESCE(MAX(course_number), 0) + 1 INTO v_next_course
  FROM public.order_courses
  WHERE order_id = p_order_id;

  -- Also check items in case courses aren't in order_courses yet
  SELECT GREATEST(v_next_course, COALESCE(MAX(course_number), 0) + 1) INTO v_next_course
  FROM public.order_items
  WHERE order_id = p_order_id AND is_voided = FALSE;

  -- Create the course
  INSERT INTO public.order_courses (order_id, course_number, status)
  VALUES (p_order_id, v_next_course, 'open')
  RETURNING id INTO v_course_id;

  -- Update working course
  UPDATE public.table_sessions
  SET working_course = v_next_course, updated_at = NOW()
  WHERE order_id = p_order_id AND is_active = TRUE;

  RETURN json_build_object(
    'success', true,
    'course_number', v_next_course,
    'course_id', v_course_id
  );
END;
$function$
"
public,create_order,"CREATE OR REPLACE FUNCTION public.create_order(p_merchant_id uuid, p_location_id uuid, p_order_type order_type DEFAULT 'dine_in'::order_type, p_table_number text DEFAULT NULL::text, p_customer_name text DEFAULT NULL::text, p_customer_phone text DEFAULT NULL::text, p_special_instructions text DEFAULT NULL::text, p_device_id text DEFAULT NULL::text, p_created_by_staff_id uuid DEFAULT NULL::uuid)
 RETURNS json
 LANGUAGE plpgsql
 SECURITY DEFINER
AS $function$
DECLARE
  v_order_id UUID;
  v_order_number TEXT;
  v_display_number TEXT;
  v_user_id TEXT;
  v_result JSON;
BEGIN
  -- Get current user ID from Clerk JWT
  v_user_id := get_my_claim('sub');
  
  -- Verify user has access to this location
  IF NOT (p_location_id = ANY(user_location_ids())) THEN
    RAISE EXCEPTION 'Access denied: User does not have access to location';
  END IF;
  
  -- Verify user has permission to manage orders
  -- IF NOT has_permission('location.orders.manage') THEN
  --   RAISE EXCEPTION 'Permission denied: location.orders.manage required';
  -- END IF;
  
  -- Verify merchant_id matches user's merchant
  IF p_merchant_id != user_merchant_id() THEN
    RAISE EXCEPTION 'Access denied: Invalid merchant_id';
  END IF;
  
  -- Generate order number
  v_order_number := public.generate_order_number(p_location_id);
  
  -- Generate display number (just the sequence part)
  v_display_number := '#' || SPLIT_PART(v_order_number, '-', 3);
  
  -- Create the order
  INSERT INTO public.orders (
    merchant_id,
    location_id,
    order_number,
    display_number,
    order_type,
    status,
    table_number,
    customer_name,
    customer_phone,
    special_instructions,
    device_id,
    created_by_staff_id,
    created_by_user_id,
    created_at,
    updated_at
  ) VALUES (
    p_merchant_id,
    p_location_id,
    v_order_number,
    v_display_number,
    p_order_type,
    'draft',
    p_table_number,
    p_customer_name,
    p_customer_phone,
    p_special_instructions,
    p_device_id,
    p_created_by_staff_id,
    v_user_id,
    NOW(),
    NOW()
  )
  RETURNING id INTO v_order_id;
  
  -- Log to audit
  INSERT INTO public.audit_logs (
    actor_user_id,
    organization_id,
    action,
    action_category,
    resource_type,
    resource_name,
    metadata,
    status
  ) VALUES (
    v_user_id,
    (SELECT clerk_org_id FROM public.merchants WHERE id = p_merchant_id),
    'order_created',
    'order_management',
    'order',
    v_order_number,
    jsonb_build_object(
      'order_id', v_order_id,
      'order_type', p_order_type,
      'table_number', p_table_number,
      'location_id', p_location_id
    ),
    'success'
  );
  
  -- Return order details
  SELECT json_build_object(
    'success', true,
    'order_id', v_order_id,
    'order_number', v_order_number,
    'display_number', v_display_number,
    'status', 'draft'
  ) INTO v_result;
  
  RETURN v_result;
END;
$function$
"
public,create_reservation,"CREATE OR REPLACE FUNCTION public.create_reservation(p_location_id uuid, p_party_name text, p_party_size integer, p_phone text, p_reservation_date date, p_reservation_time time without time zone, p_email text DEFAULT NULL::text, p_duration_minutes integer DEFAULT 90, p_preferred_section text DEFAULT NULL::text, p_seating_preference text DEFAULT NULL::text, p_notes text DEFAULT NULL::text, p_special_requests text DEFAULT NULL::text, p_is_vip boolean DEFAULT false, p_source text DEFAULT 'direct'::text, p_assigned_table_ids uuid[] DEFAULT NULL::uuid[])
 RETURNS json
 LANGUAGE plpgsql
 SECURITY DEFINER
AS $function$
DECLARE
  v_merchant_id UUID;
  v_reservation_id UUID;
  v_confirmation_number TEXT;
BEGIN
  -- Verify permission
  -- IF NOT has_any_permission(ARRAY['location.reservations.manage', 'location.tables.manage']) THEN
  --   RAISE EXCEPTION 'Permission denied';
  -- END IF;

  -- Get merchant ID
  v_merchant_id := user_merchant_id();
  
  -- Verify location access
  IF NOT p_location_id = ANY(user_location_ids()) THEN
    RAISE EXCEPTION 'Location access denied';
  END IF;

  -- Validate date/time is in future
  IF p_reservation_date < CURRENT_DATE OR 
     (p_reservation_date = CURRENT_DATE AND p_reservation_time < CURRENT_TIME) THEN
    RAISE EXCEPTION 'Reservation must be in the future';
  END IF;

  -- Create reservation
  INSERT INTO public.reservations (
    merchant_id, location_id,
    party_name, party_size, phone, email,
    reservation_date, reservation_time, duration_minutes,
    preferred_section, seating_preference,
    notes, special_requests, is_vip, source,
    assigned_table_ids,
    created_by_staff_id
  ) VALUES (
    v_merchant_id, p_location_id,
    p_party_name, p_party_size, p_phone, p_email,
    p_reservation_date, p_reservation_time, p_duration_minutes,
    p_preferred_section, p_seating_preference,
    p_notes, p_special_requests, p_is_vip, p_source,
    p_assigned_table_ids,
    user_staff_profile_id()
  )
  RETURNING id, confirmation_number INTO v_reservation_id, v_confirmation_number;

  RETURN json_build_object(
    'success', true,
    'reservation_id', v_reservation_id,
    'confirmation_number', v_confirmation_number,
    'party_name', p_party_name,
    'reservation_date', p_reservation_date,
    'reservation_time', p_reservation_time
  );
END;
$function$
"
public,current_user_id,"CREATE OR REPLACE FUNCTION public.current_user_id()
 RETURNS text
 LANGUAGE plpgsql
 SECURITY DEFINER
AS $function$BEGIN
    RETURN get_my_claim('sub')::TEXT;
END;$function$
"
public,debug_pin_test,"CREATE OR REPLACE FUNCTION public.debug_pin_test(p_pin_code text, p_location_id uuid)
 RETURNS TABLE(staff_name text, stored_hash text, generated_hash text, is_match boolean)
 LANGUAGE plpgsql
 SECURITY DEFINER
AS $function$
BEGIN
    RETURN QUERY
    SELECT 
        (sp.first_name || ' ' || sp.last_name) as staff_name,
        
        -- Show original stored hash
        sm.pin_code as stored_hash,
        
        -- FIX: Replace $2b$ with $2a$ so pgcrypto can understand the salt
        crypt(p_pin_code, replace(sm.pin_code, '$2b$', '$2a$')) as generated_hash,
        
        -- FIX: Compare using the $2a$ version
        (replace(sm.pin_code, '$2b$', '$2a$') = crypt(p_pin_code, replace(sm.pin_code, '$2b$', '$2a$'))) as is_match
        
    FROM location_members sm
    JOIN staff_profiles sp ON sp.id = sm.staff_profile_id
    WHERE sm.location_id = p_location_id 
      AND sm.is_active = true;
END;
$function$
"
public,detect_schedule_conflicts,"CREATE OR REPLACE FUNCTION public.detect_schedule_conflicts(p_merchant_id uuid, p_location_id uuid, p_start_date timestamp with time zone, p_end_date timestamp with time zone, p_exclude_schedule_id uuid DEFAULT NULL::uuid)
 RETURNS json
 LANGUAGE plpgsql
 SECURITY DEFINER
AS $function$
DECLARE
    v_conflicts jsonb := '[]'::jsonb;
    v_overtime_threshold numeric := 40; -- Configurable: 40 hours/week
    v_rest_threshold interval := '10 hours'; -- Configurable: Min time between shifts
BEGIN

    -- 1. DETECT DOUBLE BOOKINGS
    -- Logic: Find any two shifts for the same employee that overlap in time
    SELECT jsonb_agg(json_build_object(
        'type', 'double_booked',
        'employee_id', s1.employee_id,
        'employee_name', p.first_name || ' ' || p.last_name,
        'shift_a_id', s1.id,
        'shift_b_id', s2.id,
        'details', 'Overlaps with another shift on ' || to_char(s1.start_time, 'Mon DD')
    ))
    INTO v_conflicts
    FROM shifts s1
    JOIN shifts s2 ON s1.employee_id = s2.employee_id 
        AND s1.id < s2.id -- Avoid duplicate pairs (A-B vs B-A) and self-match
        AND s1.status != 'draft' AND s2.status != 'draft' -- Only check published/confirmed shifts
    JOIN staff_profiles p ON p.id = s1.employee_id
    WHERE s1.merchant_id = p_merchant_id
      AND s1.start_time < p_end_date 
      AND s1.end_time > p_start_date
      AND s1.employee_id IS NOT NULL
      -- If checking a specific draft against published, you might adjust filters here
      AND tstzrange(s1.start_time, s1.end_time) && tstzrange(s2.start_time, s2.end_time);

    -- 2. DETECT ""CLOPENINGS"" (Back-to-Back Shifts)
    -- Logic: Check if time between End of Shift A and Start of Shift B is < 10 hours
    WITH shift_gaps AS (
        SELECT 
            s.id,
            s.employee_id,
            s.start_time,
            s.end_time,
            LAG(s.end_time) OVER (PARTITION BY s.employee_id ORDER BY s.start_time) as prev_end_time,
            LAG(s.id) OVER (PARTITION BY s.employee_id ORDER BY s.start_time) as prev_shift_id
        FROM shifts s
        WHERE s.merchant_id = p_merchant_id
          AND s.start_time >= p_start_date - interval '1 day' -- Buffer for yesterday's late shift
          AND s.end_time <= p_end_date
          AND s.employee_id IS NOT NULL
          AND s.status != 'draft'
    )
    SELECT v_conflicts || COALESCE(jsonb_agg(json_build_object(
        'type', 'clopening',
        'employee_id', g.employee_id,
        'employee_name', p.first_name || ' ' || p.last_name,
        'shift_a_id', g.prev_shift_id,
        'shift_b_id', g.id,
        'details', 'Only ' || round(EXTRACT(EPOCH FROM (g.start_time - g.prev_end_time))/3600, 1) || ' hours rest'
    )), '[]'::jsonb)
    INTO v_conflicts
    FROM shift_gaps g
    JOIN staff_profiles p ON p.id = g.employee_id
    WHERE g.prev_end_time IS NOT NULL
      AND (g.start_time - g.prev_end_time) < v_rest_threshold;

    -- 3. DETECT OVERTIME
    -- Logic: Sum duration hours per employee. 
    -- Note: Ideally this runs on a standard ""Work Week"" (e.g. Mon-Sun), but here matches the requested period.
    WITH hours_calc AS (
        SELECT 
            s.employee_id,
            p.first_name || ' ' || p.last_name as name,
            SUM(EXTRACT(EPOCH FROM (s.end_time - s.start_time))/3600) as total_hours
        FROM shifts s
        JOIN staff_profiles p ON p.id = s.employee_id
        WHERE s.merchant_id = p_merchant_id
          AND s.start_time >= p_start_date
          AND s.end_time <= p_end_date
          AND s.status != 'draft'
          AND s.employee_id IS NOT NULL
        GROUP BY s.employee_id, p.first_name, p.last_name
    )
    SELECT v_conflicts || COALESCE(jsonb_agg(json_build_object(
        'type', 'overtime',
        'employee_id', h.employee_id,
        'employee_name', h.name,
        'details', 'Scheduled for ' || round(h.total_hours, 1) || ' hours (Exceeds ' || v_overtime_threshold || ')'
    )), '[]'::jsonb)
    INTO v_conflicts
    FROM hours_calc h
    WHERE h.total_hours > v_overtime_threshold;

    RETURN COALESCE(v_conflicts, '[]'::jsonb);
END;
$function$
"
public,duplicate_menu_to_location,"CREATE OR REPLACE FUNCTION public.duplicate_menu_to_location(p_source_menu_id uuid, p_target_location_id uuid, p_new_menu_name text DEFAULT NULL::text, p_copy_current_prices boolean DEFAULT true)
 RETURNS jsonb
 LANGUAGE plpgsql
 SECURITY DEFINER
 SET search_path TO 'public'
AS $function$
DECLARE
    v_source_menu RECORD;
    v_merchant_id UUID;
    v_new_menu_id UUID;
    v_category_map JSONB := '{}'::JSONB;  -- old_category_id -> new_category_id
    v_rec RECORD;
    v_new_id UUID;
    v_category_count INT := 0;
    v_item_count INT := 0;
BEGIN
    -- ========================================================================
    -- VALIDATION
    -- ========================================================================
    
    SELECT * INTO v_source_menu FROM menus WHERE id = p_source_menu_id;
    
    IF NOT FOUND THEN
        RETURN jsonb_build_object('success', false, 'error', 'Source menu not found');
    END IF;
    
    v_merchant_id := v_source_menu.merchant_id;
    
    IF NOT EXISTS (
        SELECT 1 FROM locations 
        WHERE id = p_target_location_id AND merchant_id = v_merchant_id
    ) THEN
        RETURN jsonb_build_object('success', false, 'error', 'Invalid target location');
    END IF;
    
    -- ========================================================================
    -- STEP 1: CREATE NEW MENU (Location-Scoped)
    -- ========================================================================
    
    INSERT INTO menus (
        merchant_id, location_id, name, description, is_active, display_order
    ) VALUES (
        v_merchant_id,
        p_target_location_id,  -- This makes it location-owned
        COALESCE(p_new_menu_name, v_source_menu.name),
        v_source_menu.description,
        true,
        v_source_menu.display_order
    )
    RETURNING id INTO v_new_menu_id;
    
    -- ========================================================================
    -- STEP 2: DUPLICATE CATEGORIES (Location-Scoped)
    -- ========================================================================
    
    FOR v_rec IN
        SELECT 
            c.id AS category_id,
            c.name, c.description, c.image, c.display_order, c.is_active,
            mc.display_order AS mc_order, mc.is_active AS mc_active,
            mc.custom_title, mc.custom_subtitle, mc.custom_image
        FROM menu_categories mc
        JOIN categories c ON c.id = mc.category_id
        WHERE mc.menu_id = p_source_menu_id
        ORDER BY mc.display_order NULLS LAST
    LOOP
        -- Create location-scoped category
        INSERT INTO categories (
            merchant_id, location_id, name, description, image,
            display_order, is_active, is_global
        ) VALUES (
            v_merchant_id, p_target_location_id, v_rec.name, v_rec.description,
            v_rec.image, v_rec.display_order, v_rec.is_active, false
        )
        RETURNING id INTO v_new_id;
        
        v_category_map := v_category_map || jsonb_build_object(v_rec.category_id::text, v_new_id::text);
        
        -- Link to new menu
        INSERT INTO menu_categories (
            menu_id, category_id, merchant_id, display_order, is_active,
            custom_title, custom_subtitle, custom_image
        ) VALUES (
            v_new_menu_id, v_new_id, v_merchant_id, v_rec.mc_order, v_rec.mc_active,
            v_rec.custom_title, v_rec.custom_subtitle, v_rec.custom_image
        );
        
        v_category_count := v_category_count + 1;
    END LOOP;
    
    -- ========================================================================
    -- STEP 3: LINK SAME ITEMS TO NEW CATEGORIES (via category_items)
    -- ========================================================================
    
    FOR v_rec IN
        SELECT 
            ci.menu_item_id,
            ci.category_id AS old_category_id,
            ci.display_order,
            ci.custom_price,
            ci.custom_cash_price,
            ci.is_available,
            ci.is_featured,
            mi.price AS base_price,
            mi.cash_price AS base_cash_price
        FROM menu_categories mc
        JOIN category_items ci ON ci.category_id = mc.category_id
        JOIN menu_items mi ON mi.id = ci.menu_item_id
        WHERE mc.menu_id = p_source_menu_id
    LOOP
        -- Get new category ID
        IF v_category_map ? v_rec.old_category_id::text THEN
            -- Link same item to new category
            INSERT INTO category_items (
                merchant_id,
                category_id,
                menu_item_id,
                display_order,
                custom_price,
                custom_cash_price,
                is_available,
                is_featured
            ) VALUES (
                v_merchant_id,
                (v_category_map ->> v_rec.old_category_id::text)::uuid,
                v_rec.menu_item_id,  -- SAME item, not a copy
                v_rec.display_order,
                v_rec.custom_price,
                v_rec.custom_cash_price,
                v_rec.is_available,
                v_rec.is_featured
            )
            ON CONFLICT (category_id, menu_item_id) DO NOTHING;
            
            v_item_count := v_item_count + 1;
            
            -- Optionally snapshot current effective prices into location overrides
            IF p_copy_current_prices THEN
                INSERT INTO location_category_item_overrides (
                    location_id,
                    category_id,
                    menu_item_id,
                    custom_price,
                    custom_cash_price,
                    is_available
                ) VALUES (
                    p_target_location_id,
                    (v_category_map ->> v_rec.old_category_id::text)::uuid,
                    v_rec.menu_item_id,
                    COALESCE(v_rec.custom_price, v_rec.base_price),
                    COALESCE(v_rec.custom_cash_price, v_rec.base_cash_price),
                    COALESCE(v_rec.is_available, true)
                )
                ON CONFLICT (location_id, category_id, menu_item_id) DO UPDATE SET
                    custom_price = EXCLUDED.custom_price,
                    custom_cash_price = EXCLUDED.custom_cash_price,
                    is_available = EXCLUDED.is_available,
                    updated_at = now();
            END IF;
        END IF;
    END LOOP;
    
    -- ========================================================================
    -- STEP 4: COPY SCHEDULES
    -- ========================================================================
    
    INSERT INTO menu_schedules (merchant_id, menu_id, schedule_id)
    SELECT v_merchant_id, v_new_menu_id, schedule_id
    FROM menu_schedules WHERE menu_id = p_source_menu_id;
    
    INSERT INTO category_schedules (merchant_id, menu_id, category_id, schedule_id)
    SELECT 
        v_merchant_id, 
        v_new_menu_id, 
        (v_category_map ->> category_id::text)::uuid,
        schedule_id
    FROM category_schedules 
    WHERE menu_id = p_source_menu_id
    AND v_category_map ? category_id::text;
    
    -- ========================================================================
    -- STEP 5: ASSIGN TO LOCATION
    -- ========================================================================
    
    INSERT INTO location_menus (location_id, menu_id, is_active, display_order)
    VALUES (p_target_location_id, v_new_menu_id, true, 1)
    ON CONFLICT (location_id, menu_id) DO UPDATE SET is_active = true;
    
    -- ========================================================================
    -- RETURN
    -- ========================================================================
    
    RETURN jsonb_build_object(
        'success', true,
        'data', jsonb_build_object(
            'new_menu_id', v_new_menu_id,
            'new_menu_name', COALESCE(p_new_menu_name, v_source_menu.name),
            'target_location_id', p_target_location_id
        ),
        'stats', jsonb_build_object(
            'categories', v_category_count,
            'items_linked', v_item_count
        ),
        'category_map', v_category_map
    );
    
EXCEPTION WHEN OTHERS THEN
    RETURN jsonb_build_object('success', false, 'error', SQLERRM, 'code', SQLSTATE);
END;
$function$
"
public,duplicate_order_item,"CREATE OR REPLACE FUNCTION public.duplicate_order_item(p_order_item_id uuid, p_quantity integer DEFAULT NULL::integer)
 RETURNS json
 LANGUAGE plpgsql
 SECURITY DEFINER
AS $function$
DECLARE
  v_order_id UUID;
  v_new_item_id UUID;
  v_original_item RECORD;
  v_result JSON;
BEGIN
  -- Get original item and verify access
  SELECT 
    oi.*,
    o.merchant_id
  INTO v_original_item
  FROM public.order_items oi
  JOIN public.orders o ON o.id = oi.order_id
  WHERE oi.id = p_order_item_id
    AND oi.is_voided = FALSE
    AND o.merchant_id = user_merchant_id()
    AND o.location_id = ANY(user_location_ids())
    AND o.status NOT IN ('completed', 'cancelled', 'void');

  IF NOT FOUND THEN
    RAISE EXCEPTION 'Order item not found or cannot be duplicated';
  END IF;

  -- Verify permission
  -- IF NOT has_permission('location.orders.manage') THEN
  --   RAISE EXCEPTION 'Permission denied';
  -- END IF;

  -- Create duplicate item
  INSERT INTO public.order_items (
    order_id,
    menu_item_id,
    location_exclusive_item_id,
    item_name,
    item_description,
    category_name,
    quantity,
    unit_price,
    cash_price,
    price_paid,
    subtotal,
    selected_size_id,
    selected_size_name,
    size_price_modifier,
    special_instructions,
    item_status,
    prep_station,
    course_number,
    created_at,
    updated_at
  ) VALUES (
    v_original_item.order_id,
    v_original_item.menu_item_id,
    v_original_item.location_exclusive_item_id,
    v_original_item.item_name,
    v_original_item.item_description,
    v_original_item.category_name,
    COALESCE(p_quantity, v_original_item.quantity),
    v_original_item.unit_price,
    v_original_item.cash_price,
    v_original_item.price_paid,
    v_original_item.subtotal,  -- Will recalculate after modifiers
    v_original_item.selected_size_id,
    v_original_item.selected_size_name,
    v_original_item.size_price_modifier,
    v_original_item.special_instructions,
    'pending',
    v_original_item.prep_station,
    v_original_item.course_number,
    NOW(),
    NOW()
  )
  RETURNING id INTO v_new_item_id;

  -- Copy modifiers
  INSERT INTO public.order_item_modifiers (
    order_item_id,
    modifier_group_id,
    modifier_item_id,
    modifier_group_name,
    modifier_name,
    price_modifier,
    quantity,
    total_price
  )
  SELECT
    v_new_item_id,
    modifier_group_id,
    modifier_item_id,
    modifier_group_name,
    modifier_name,
    price_modifier,
    quantity,
    total_price
  FROM public.order_item_modifiers
  WHERE order_item_id = p_order_item_id;

  -- Recalculate subtotal with new quantity if different
  IF p_quantity IS NOT NULL AND p_quantity != v_original_item.quantity THEN
    UPDATE public.order_items
    SET subtotal = (p_quantity * price_paid) + (p_quantity * (
      SELECT COALESCE(SUM(total_price), 0) / v_original_item.quantity
      FROM public.order_item_modifiers
      WHERE order_item_id = v_new_item_id
    ))
    WHERE id = v_new_item_id;
  END IF;

  SELECT json_build_object(
    'success', true,
    'original_item_id', p_order_item_id,
    'new_item_id', v_new_item_id,
    'order_id', v_original_item.order_id,
    'item_name', v_original_item.item_name,
    'quantity', COALESCE(p_quantity, v_original_item.quantity)
  ) INTO v_result;

  RETURN v_result;
END;
$function$
"
public,ensure_course_exists,"CREATE OR REPLACE FUNCTION public.ensure_course_exists(p_order_id uuid, p_course_number integer)
 RETURNS uuid
 LANGUAGE plpgsql
 SECURITY DEFINER
AS $function$
DECLARE
  v_course_id UUID;
BEGIN
  -- Try to get existing course
  SELECT id INTO v_course_id
  FROM public.order_courses
  WHERE order_id = p_order_id AND course_number = p_course_number;
  
  -- Create if not exists
  IF v_course_id IS NULL THEN
    INSERT INTO public.order_courses (order_id, course_number, status)
    VALUES (p_order_id, p_course_number, 'open')
    RETURNING id INTO v_course_id;
  END IF;
  
  RETURN v_course_id;
END;
$function$
"
public,estimate_wait_time,"CREATE OR REPLACE FUNCTION public.estimate_wait_time(p_location_id uuid, p_party_size integer)
 RETURNS integer
 LANGUAGE plpgsql
 SECURITY DEFINER
AS $function$
DECLARE
  v_avg_turn_time INTEGER;
  v_parties_ahead INTEGER;
  v_suitable_tables INTEGER;
  v_estimated_wait INTEGER;
BEGIN
  -- Get average turn time for this party size from metrics
  SELECT COALESCE(AVG(avg_turn_time), 60)::INTEGER
  INTO v_avg_turn_time
  FROM public.table_metrics tm
  JOIN public.floor_plan_objects fpo ON fpo.id = tm.table_id
  WHERE tm.location_id = p_location_id
    AND tm.metric_date >= CURRENT_DATE - INTERVAL '7 days'
    AND fpo.capacity >= p_party_size;

  -- Count parties waiting ahead for similar table size
  SELECT COUNT(*) INTO v_parties_ahead
  FROM public.waitlist
  WHERE location_id = p_location_id
    AND status = 'waiting'
    AND party_size <= p_party_size + 2;  -- Similar size parties compete

  -- Count suitable tables
  SELECT COUNT(*) INTO v_suitable_tables
  FROM public.floor_plan_objects fpo
  WHERE fpo.location_id = p_location_id
    AND fpo.category IN ('table', 'booth')
    AND fpo.capacity >= p_party_size
    AND fpo.is_active = TRUE
    AND NOT EXISTS (
      SELECT 1 FROM public.table_session_tables tst
      JOIN public.table_sessions ts ON ts.id = tst.session_id
      WHERE tst.table_id = fpo.id AND ts.is_active = TRUE
    );

  -- Simple estimation: (parties ahead / suitable tables) * avg turn time
  IF v_suitable_tables > 0 THEN
    v_estimated_wait := CEIL(v_parties_ahead::NUMERIC / v_suitable_tables) * v_avg_turn_time;
  ELSE
    v_estimated_wait := v_parties_ahead * v_avg_turn_time;
  END IF;

  -- Minimum 5 minutes, maximum 180 minutes
  RETURN GREATEST(5, LEAST(180, v_estimated_wait));
END;
$function$
"
public,fire_course,"CREATE OR REPLACE FUNCTION public.fire_course(p_order_id uuid, p_course_number integer, p_notes text DEFAULT NULL::text)
 RETURNS json
 LANGUAGE plpgsql
 SECURITY DEFINER
AS $function$DECLARE
  v_course_id UUID;
  v_item_count INTEGER;
  v_session_id UUID;
BEGIN
  -- Verify order access
  IF NOT EXISTS (
    SELECT 1 FROM public.orders o
    WHERE o.id = p_order_id
      AND o.merchant_id = user_merchant_id()
      AND o.location_id = ANY(user_location_ids())
  ) THEN
    RAISE EXCEPTION 'Order not found';
  END IF;

  -- Ensure course exists
  v_course_id := public.ensure_course_exists(p_order_id, p_course_number);

  -- Check course is open
  IF EXISTS (
    SELECT 1 FROM public.order_courses
    WHERE id = v_course_id AND status != 'open'
  ) THEN
    RAISE EXCEPTION 'Course % is already fired', p_course_number;
  END IF;

  -- Count items in this course
  SELECT COUNT(*) INTO v_item_count
  FROM public.order_items
  WHERE order_id = p_order_id 
    AND course_number = p_course_number
    AND is_voided = FALSE;

  IF v_item_count = 0 THEN
    RAISE EXCEPTION 'Course % has no items to fire', p_course_number;
  END IF;

  -- Fire the course (lock it)
  UPDATE public.order_courses
  SET 
    status = 'fired',
    fired_at = NOW(),
    fired_by = user_staff_profile_id(),
    notes = COALESCE(p_notes, notes)
  WHERE id = v_course_id;

  -- Update table session's working course to next available
  SELECT ts.id INTO v_session_id
  FROM public.table_sessions ts
  WHERE ts.order_id = p_order_id AND ts.is_active = TRUE;

  IF v_session_id IS NOT NULL THEN
    -- Set working course to course + 1 if we just fired the current working course
    UPDATE public.table_sessions
    SET 
      working_course = GREATEST(working_course, p_course_number + 1),
      current_course = p_course_number,  -- Track highest fired course
      updated_at = NOW()
    WHERE id = v_session_id;

    -- Record event
    INSERT INTO public.table_session_events (
      session_id, event_type, event_data,
      triggered_by_staff_id, triggered_by_user_id
    ) VALUES (
      v_session_id,
      CASE p_course_number
        WHEN 1 THEN 'appetizers_fired'::session_event_type
        WHEN 2 THEN 'mains_fired'::session_event_type
        WHEN 3 THEN 'desserts_fired'::session_event_type
        ELSE 'custom'::session_event_type
      END,
      jsonb_build_object('course_number', p_course_number, 'item_count', v_item_count),
      user_staff_profile_id(),
      get_my_claim('sub')
    );
  END IF;

  RETURN json_build_object(
    'success', true,
    'order_id', p_order_id,
    'course_number', p_course_number,
    'status', 'fired',
    'item_count', v_item_count,
    'fired_at', NOW()
  );
END;$function$
"
public,generate_confirmation_number,"CREATE OR REPLACE FUNCTION public.generate_confirmation_number()
 RETURNS trigger
 LANGUAGE plpgsql
AS $function$
DECLARE
  chars TEXT := 'ABCDEFGHJKLMNPQRSTUVWXYZ23456789';
  result TEXT := 'RES-';
BEGIN
  FOR i IN 1..6 LOOP
    result := result || SUBSTR(chars, FLOOR(RANDOM() * LENGTH(chars) + 1)::INT, 1);
  END LOOP;
  NEW.confirmation_number := result;
  RETURN NEW;
END;
$function$
"
public,generate_order_number,"CREATE OR REPLACE FUNCTION public.generate_order_number(p_location_id uuid)
 RETURNS text
 LANGUAGE plpgsql
 SECURITY DEFINER
AS $function$
DECLARE
  v_sequence_number INTEGER;
  v_date_str TEXT;
  v_order_number TEXT;
BEGIN
  -- Verify user has access to location
  IF NOT (p_location_id = ANY(user_location_ids())) THEN
    RAISE EXCEPTION 'Access denied: User does not have access to location';
  END IF;

  -- Get current date string (YYYYMMDD)
  v_date_str := TO_CHAR(CURRENT_DATE, 'YYYYMMDD');
  
  -- Get and increment sequence for today
  INSERT INTO public.order_sequences (location_id, sequence_date, last_order_number)
  VALUES (p_location_id, CURRENT_DATE, 1)
  ON CONFLICT (location_id, sequence_date)
  DO UPDATE SET last_order_number = order_sequences.last_order_number + 1
  RETURNING last_order_number INTO v_sequence_number;
  
  -- Format: ORD-YYYYMMDD-XXXX (e.g., ORD-20240101-0042)
  v_order_number := 'ORD-' || v_date_str || '-' || LPAD(v_sequence_number::TEXT, 4, '0');
  
  RETURN v_order_number;
END;
$function$
"
public,generate_session_number,"CREATE OR REPLACE FUNCTION public.generate_session_number()
 RETURNS trigger
 LANGUAGE plpgsql
AS $function$
BEGIN
  NEW.session_number := 'S-' || TO_CHAR(NOW(), 'YYYYMMDD') || '-' || 
    LPAD((
      SELECT COUNT(*) + 1 
      FROM public.table_sessions 
      WHERE location_id = NEW.location_id 
        AND DATE(created_at) = CURRENT_DATE
    )::TEXT, 3, '0');
  RETURN NEW;
END;
$function$
"
public,get_categories_for_location,"CREATE OR REPLACE FUNCTION public.get_categories_for_location(p_merchant_id uuid, p_location_id uuid DEFAULT NULL::uuid)
 RETURNS json
 LANGUAGE plpgsql
 SECURITY DEFINER
AS $function$
BEGIN
    RETURN (
        SELECT COALESCE(json_agg(
            json_build_object(
                'id', c.id,
                'name', c.name,
                'description', c.description,
                'image', c.image,
                'display_order', c.display_order,
                
                -- Ownership info
                'location_id', c.location_id,
                'is_global', COALESCE(c.is_global, c.location_id IS NULL),
                'is_location_specific', (c.location_id IS NOT NULL),
                'location_name', (
                    SELECT l.name FROM locations l WHERE l.id = c.location_id
                ),
                'created_by', c.created_by,
                
                -- Global availability
                'is_active', c.is_active,
                
                -- Location override (only applies to global categories)
                'location_override', CASE 
                    WHEN c.location_id IS NULL AND lco.id IS NOT NULL THEN json_build_object(
                        'id', lco.id,
                        'is_active', lco.is_active,
                        'display_order', lco.display_order,
                        'custom_title', lco.custom_title
                    )
                    ELSE NULL
                END,
                
                -- Effective values
                'effective_is_active', CASE
                    -- Location-specific category: use its own is_active
                    WHEN c.location_id IS NOT NULL THEN c.is_active
                    -- Global category: check for location override
                    ELSE COALESCE(lco.is_active, c.is_active)
                END,
                'effective_display_order', CASE
                    WHEN c.location_id IS NOT NULL THEN c.display_order
                    ELSE COALESCE(lco.display_order, c.display_order)
                END,
                'effective_name', CASE
                    WHEN c.location_id IS NOT NULL THEN c.name
                    ELSE COALESCE(lco.custom_title, c.name)
                END,
                
                -- Items in this category
                'items', (
                    SELECT COALESCE(json_agg(
                        json_build_object(
                            'id', ci.id,
                            'menu_item_id', mi.id,
                            'display_order', ci.display_order,
                            'is_featured', ci.is_featured,
                            
                            -- Category-level price
                            'category_price', ci.custom_price,
                            'category_cash_price', ci.custom_cash_price,
                            'category_is_available', ci.is_available,
                            
                            'menu_item', json_build_object(
                                'id', mi.id,
                                'name', mi.name,
                                'description', mi.description,
                                'image', mi.image,
                                'allergens', mi.allergens,
                                'meal_types', mi.meal_types,
                                'card_bg_color', mi.card_bg_color,
                                
                                -- Level 1: Base price
                                'base_price', mi.price,
                                'base_cash_price', mi.cash_price,
                                'base_availability', mi.availability,
                                
                                -- Level 2: Location item override
                                'location_item_override', CASE 
                                    WHEN lio.id IS NOT NULL THEN json_build_object(
                                        'id', lio.id,
                                        'custom_price', lio.custom_price,
                                        'custom_cash_price', lio.custom_cash_price,
                                        'price_modifier', lio.price_modifier,
                                        'price_modifier_type', lio.price_modifier_type,
                                        'is_available', lio.is_available,
                                        'stock_tracking_mode', lio.stock_tracking_mode,
                                        'current_stock', lio.current_stock
                                    )
                                    ELSE NULL
                                END,
                                
                                -- Level 4: Location + Category override
                                'location_category_override', CASE 
                                    WHEN lcio.id IS NOT NULL THEN json_build_object(
                                        'id', lcio.id,
                                        'custom_price', lcio.custom_price,
                                        'custom_cash_price', lcio.custom_cash_price,
                                        'is_available', lcio.is_available
                                    )
                                    ELSE NULL
                                END,
                                
                                -- Effective price (full cascade)
                                'effective_price', COALESCE(
                                    lcio.custom_price,           -- L4: Location + Category
                                    ci.custom_price,             -- L3: Category
                                    lio.custom_price,            -- L2: Location item
                                    mi.price                     -- L1: Base
                                ),
                                
                                'effective_cash_price', COALESCE(
                                    lcio.custom_cash_price,
                                    ci.custom_cash_price,
                                    lio.custom_cash_price,
                                    mi.cash_price
                                ),
                                
                                -- Availability (AND logic)
                                'effective_availability', (
                                    mi.availability = true
                                    AND COALESCE(lio.is_available, true) = true
                                    AND COALESCE(ci.is_available, true) = true
                                    AND COALESCE(lcio.is_available, true) = true
                                ),
                                
                                -- Price source
                                'price_source', CASE
                                    WHEN lcio.custom_price IS NOT NULL THEN 'location_category'
                                    WHEN ci.custom_price IS NOT NULL THEN 'category'
                                    WHEN lio.custom_price IS NOT NULL THEN 'location_item'
                                    ELSE 'base'
                                END,
                                
                                -- Override flags
                                'has_location_item_override', (lio.id IS NOT NULL),
                                'has_category_price', (ci.custom_price IS NOT NULL),
                                'has_location_category_override', (lcio.id IS NOT NULL)
                            )
                        ) ORDER BY COALESCE(lcio.display_order, ci.display_order)
                    ), '[]'::json)
                    FROM category_items ci
                    JOIN menu_items mi ON mi.id = ci.menu_item_id
                    LEFT JOIN location_item_overrides lio 
                        ON lio.menu_item_id = mi.id 
                        AND lio.location_id = p_location_id
                    LEFT JOIN location_category_item_overrides lcio 
                        ON lcio.menu_item_id = mi.id 
                        AND lcio.category_id = c.id
                        AND lcio.location_id = p_location_id
                    WHERE ci.category_id = c.id
                ),
                
                -- Item count
                'item_count', (
                    SELECT COUNT(*) FROM category_items ci WHERE ci.category_id = c.id
                ),

                -- Menu count (how many menus use this category)
                'menu_count', (
                    SELECT COUNT(*) FROM menu_categories mc WHERE mc.category_id = c.id
                ),
                
                -- Has location override
                'has_location_override', (lco.id IS NOT NULL),
                
                'created_at', c.created_at,
                'updated_at', c.updated_at
            ) ORDER BY 
                -- Sort: Global categories first, then location-specific
                CASE WHEN c.location_id IS NULL THEN 0 ELSE 1 END,
                COALESCE(lco.display_order, c.display_order) NULLS LAST,
                c.name
        ), '[]'::json)
        FROM categories c
        -- Only join location overrides if we have a location context
        LEFT JOIN location_category_overrides lco 
            ON lco.category_id = c.id 
            AND lco.location_id = p_location_id
            AND c.location_id IS NULL  -- Only global categories can have overrides
        WHERE c.merchant_id = p_merchant_id
          AND (
              -- If no location specified: return ALL categories (admin view)
              p_location_id IS NULL
              OR
              -- If location specified: return global + this location's categories
              (
                  c.location_id IS NULL  -- Global categories
                  OR 
                  c.location_id = p_location_id  -- This location's specific categories
              )
          )
    );
END;
$function$
"
public,get_course_status,"CREATE OR REPLACE FUNCTION public.get_course_status(p_order_id uuid, p_course_number integer)
 RETURNS json
 LANGUAGE plpgsql
 SECURITY DEFINER
AS $function$
DECLARE
  v_result JSON;
BEGIN
  SELECT json_build_object(
    'course_number', oc.course_number,
    'status', oc.status,
    'is_locked', oc.status != 'open',
    'fired_at', oc.fired_at,
    'served_at', oc.served_at,
    'item_count', (
      SELECT COUNT(*) FROM public.order_items oi
      WHERE oi.order_id = p_order_id 
        AND oi.course_number = p_course_number
        AND oi.is_voided = FALSE
    )
  )
  INTO v_result
  FROM public.order_courses oc
  WHERE oc.order_id = p_order_id AND oc.course_number = p_course_number;

  -- If course doesn't exist yet, return open status
  IF v_result IS NULL THEN
    v_result := json_build_object(
      'course_number', p_course_number,
      'status', 'open',
      'is_locked', false,
      'fired_at', null,
      'served_at', null,
      'item_count', (
        SELECT COUNT(*) FROM public.order_items oi
        WHERE oi.order_id = p_order_id 
          AND oi.course_number = p_course_number
          AND oi.is_voided = FALSE
      )
    );
  END IF;

  RETURN v_result;
END;
$function$
"
public,get_floor_plan,"CREATE OR REPLACE FUNCTION public.get_floor_plan(p_floor_plan_id uuid)
 RETURNS json
 LANGUAGE plpgsql
 SECURITY DEFINER
AS $function$
DECLARE
  v_result JSON;
BEGIN
  SELECT json_build_object(
    'floor_plan', json_build_object(
      'id', fp.id,
      'name', fp.name,
      'description', fp.description,
      'canvas_width', fp.canvas_width,
      'canvas_height', fp.canvas_height,
      'grid_size', fp.grid_size,
      'background_color', fp.background_color,
      'is_active', fp.is_active,
      'is_default', fp.is_default
    ),
    'objects', (
      SELECT COALESCE(json_agg(
        json_build_object(
          'id', fpo.id,
          'name', fpo.name,
          'shape_id', fpo.shape_id,
          'category', fpo.category,
          'x', fpo.x,
          'y', fpo.y,
          'rotation', fpo.rotation,
          'width', fpo.width,
          'height', fpo.height,
          'capacity', fpo.capacity,
          'min_capacity', fpo.min_capacity,
          'is_reservable', fpo.is_reservable,
          'is_combinable', fpo.is_combinable,
          'default_turn_time', fpo.default_turn_time,
          'section_id', fpo.section_id,
          'zone_name', fpo.zone_name,
          'label_override', fpo.label_override,
          'color_override', fpo.color_override,
          'z_index', fpo.z_index,
          'is_visible', fpo.is_visible,
          'is_active', fpo.is_active
        ) ORDER BY fpo.z_index, fpo.created_at
      ), '[]'::json)
      FROM public.floor_plan_objects fpo
      WHERE fpo.floor_plan_id = fp.id
    ),
    'sections', (
      SELECT COALESCE(json_agg(
        json_build_object(
          'id', ss.id,
          'name', ss.name,
          'color', ss.color,
          'assigned_staff_id', ss.assigned_staff_id,
          'is_active', ss.is_active
        )
      ), '[]'::json)
      FROM public.server_sections ss
      WHERE ss.floor_plan_id = fp.id AND ss.is_active = TRUE
    )
  )
  INTO v_result
  FROM public.floor_plans fp
  WHERE fp.id = p_floor_plan_id
    AND fp.merchant_id = user_merchant_id()
    AND fp.location_id = ANY(user_location_ids());

  IF v_result IS NULL THEN
    RAISE EXCEPTION 'Floor plan not found or access denied';
  END IF;

  RETURN v_result;
END;
$function$
"
public,get_floor_plan_status,"CREATE OR REPLACE FUNCTION public.get_floor_plan_status(p_floor_plan_id uuid)
 RETURNS json
 LANGUAGE plpgsql
 SECURITY DEFINER
AS $function$BEGIN
  RETURN (
    SELECT json_build_object(
      'floor_plan_id', p_floor_plan_id,
      'timestamp', NOW(),
      'tables', (
        SELECT COALESCE(json_agg(
          json_build_object(
            'id', fpo.id,
            'name', fpo.name,
            'shape_id', fpo.shape_id,
            'category', fpo.category,
            'x', fpo.x,
            'y', fpo.y,
            'rotation', fpo.rotation,
            'capacity', fpo.capacity,
            'is_active', fpo.is_active,
            -- Active session info (if any)
            'session', (
              SELECT json_build_object(
                'id', ts.id,
                'session_number', ts.session_number,
                'status', ts.status,
                'party_size', ts.party_size,
                'guest_name', ts.guest_name,
                'server_staff_id', ts.server_staff_id,
                'order_id', ts.order_id,
                'seated_at', ts.seated_at,
                'current_course', ts.current_course,
                'needs_attention', ts.needs_attention,
                'is_vip', ts.is_vip,
                'minutes_seated', EXTRACT(EPOCH FROM (NOW() - ts.seated_at)) / 60,
                'merged_tables', (
                  SELECT json_agg(tst2.table_id)
                  FROM public.table_session_tables tst2
                  WHERE tst2.session_id = ts.id AND tst2.table_id != fpo.id
                )
              )
              FROM public.table_sessions ts
              JOIN public.table_session_tables tst ON tst.session_id = ts.id
              WHERE tst.table_id = fpo.id AND ts.is_active = TRUE
            ),
            -- Upcoming reservation
            'next_reservation', (
              SELECT json_build_object(
                'id', r.id,
                'party_name', r.party_name,
                'party_size', r.party_size,
                'time', r.reservation_time,
                'status', r.status
              )
              FROM public.reservations r
              WHERE r.assigned_table_ids @> ARRAY[fpo.id]
                AND r.reservation_date = CURRENT_DATE
                AND r.status IN ('pending', 'confirmed', 'reminded')
              ORDER BY r.reservation_time
              LIMIT 1
            )
          )
        ), '[]'::json)
        FROM public.floor_plan_objects fpo
        WHERE fpo.floor_plan_id = p_floor_plan_id
          AND fpo.category IN ('table', 'booth')
          AND fpo.is_active = TRUE
      ),
      'summary', (
        SELECT json_build_object(
          'total_tables', COUNT(*),
          'available', COUNT(*) FILTER (WHERE session_id IS NULL),
          'occupied', COUNT(*) FILTER (WHERE session_id IS NOT NULL),
          'total_capacity', SUM(capacity),
          'current_covers', SUM(COALESCE(party_size, 0))
        )
        FROM (
          SELECT 
            fpo.id,
            fpo.capacity,
            ts.id as session_id,
            ts.party_size
          FROM public.floor_plan_objects fpo
          LEFT JOIN public.table_session_tables tst ON tst.table_id = fpo.id
          LEFT JOIN public.table_sessions ts ON ts.id = tst.session_id AND ts.is_active = TRUE
          WHERE fpo.floor_plan_id = p_floor_plan_id
            AND fpo.category IN ('table', 'booth')
            AND fpo.is_active = TRUE
        ) sub
      )
    )
    FROM public.floor_plans fp
    WHERE fp.id = p_floor_plan_id
      AND fp.merchant_id = user_merchant_id()
      -- AND fp.location_id = ANY(user_location_ids())
  );
END;$function$
"
public,get_items_for_location,"CREATE OR REPLACE FUNCTION public.get_items_for_location(p_merchant_id uuid, p_location_id uuid DEFAULT NULL::uuid)
 RETURNS json
 LANGUAGE plpgsql
 SECURITY DEFINER
AS $function$
BEGIN
    RETURN (
        SELECT COALESCE(json_agg(
            json_build_object(
                'id', mi.id,
                'name', mi.name,
                'description', mi.description,
                'image', mi.image,
                'meal_types', mi.meal_types,
                'allergens', mi.allergens,
                'card_bg_color', mi.card_bg_color,
                'stock_tracking_mode', mi.stock_tracking_mode,
                
                -- Base prices (Level 1)
                'base_price', mi.price,
                'base_cash_price', mi.cash_price,
                'base_availability', mi.availability,
                
                -- Location override (Level 2)
                'location_override', CASE 
                    WHEN lio.id IS NOT NULL THEN json_build_object(
                        'id', lio.id,
                        'custom_price', lio.custom_price,
                        'custom_cash_price', lio.custom_cash_price,
                        'price_modifier', lio.price_modifier,
                        'price_modifier_type', lio.price_modifier_type,
                        'is_available', lio.is_available,
                        'stock_tracking_mode', lio.stock_tracking_mode,
                        'current_stock', lio.current_stock,
                        'low_stock_threshold', lio.low_stock_threshold
                    )
                    ELSE NULL
                END,
                
                -- Effective values
                'effective_price', COALESCE(lio.custom_price, mi.price),
                'effective_cash_price', COALESCE(lio.custom_cash_price, mi.cash_price),
                'effective_availability', COALESCE(lio.is_available, mi.availability),
                
                -- UI flags
                'has_location_override', (lio.id IS NOT NULL),
                'price_source', CASE
                    WHEN lio.custom_price IS NOT NULL THEN 'location_override'
                    ELSE 'base'
                END,
--   NEW: Modifier Groups with Location Overrides
                'modifier_groups', (
                    SELECT COALESCE(json_agg(
                        json_build_object(
                            'id', mg.id,
                            'name', mg.name,
                            'description', mg.description,
                            'min_selections', mg.min_selections,
                            'max_selections', mg.max_selections,
                            'is_required', mg.is_required,
                            
                            -- Group Availability: Location Override > Global Default
                            'is_active', COALESCE(lmgo.is_active, true),
                            
                            'items', (
                                SELECT COALESCE(json_agg(
                                    json_build_object(
                                        'id', mgi.id,
                                        'name', mgi.name,
                                        'description', mgi.description,
                                        
                                        -- Price: Location Override > Global Base
                                        'price_modifier', COALESCE(lmio_mod.price_modifier, mgi.price_modifier),
                                        
                                        -- Availability: Location Override > Global Base
                                        'is_active', (
                                            mgi.is_active = true 
                                            AND COALESCE(lmio_mod.is_active, true) = true
                                        ),
                                        
                                        -- Stock: Location Specific
                                        'stock_tracking_mode', COALESCE(lmio_mod.stock_tracking_mode, 'in_stock'),
                                        'current_stock', lmio_mod.current_stock
                                    ) ORDER BY mgi.name ASC
                                ), '[]'::json)
                                FROM modifier_group_items mgi
                                -- JOIN: Location Item Overrides
                                LEFT JOIN location_modifier_item_overrides lmio_mod
                                    ON lmio_mod.modifier_group_item_id = mgi.id 
                                    AND lmio_mod.location_id = p_location_id
                                WHERE mgi.modifier_group_id = mg.id
                                -- We usually show even inactive items in the ""Library"" view so managers can enable them
                                -- But for simplicity, let's filter out globally deleted ones
                            )
                        ) ORDER BY mg.name ASC
                    ), '[]'::json)
                    FROM menu_item_modifier_groups mimg
                    JOIN modifier_groups mg ON mg.id = mimg.modifier_group_id
                    -- JOIN: Location Group Overrides
                    LEFT JOIN location_modifier_group_overrides lmgo
                        ON lmgo.modifier_group_id = mg.id 
                        AND lmgo.location_id = p_location_id
                    WHERE mimg.menu_item_id = mi.id
                ),
                
                -- Categories
                'categories', (
                    SELECT COALESCE(json_agg(
                        json_build_object(
                            'id', c.id,
                            'name', c.name
                        )
                    ), '[]'::json)
                    FROM menu_item_categories mic
                    JOIN categories c ON c.id = mic.category_id
                    WHERE mic.menu_item_id = mi.id
                ),
                
                -- Menu Count
                'menu_count', (
                    SELECT COUNT(*) 
                    FROM menu_item_menus mim 
                    WHERE mim.menu_item_id = mi.id
                ),
                
                'created_at', mi.created_at,
                'updated_at', mi.updated_at
            )
            -- FIX: ORDER BY moved inside the aggregation
            ORDER BY mi.name ASC
        ), '[]'::json)
        FROM menu_items mi
        LEFT JOIN location_item_overrides lio 
            ON lio.menu_item_id = mi.id 
            AND lio.location_id = p_location_id
        WHERE mi.merchant_id = p_merchant_id
    );
END;
$function$
"
public,get_location_floor_plans,"CREATE OR REPLACE FUNCTION public.get_location_floor_plans(p_location_id uuid)
 RETURNS json
 LANGUAGE plpgsql
 SECURITY DEFINER
AS $function$BEGIN
  RETURN (
    SELECT COALESCE(json_agg(
      json_build_object(
        'id', fp.id,
        'name', fp.name,
        'description', fp.description,
        'is_active', fp.is_active,
        'is_default', fp.is_default,
        'display_order', fp.display_order,
        'table_count', (
          SELECT COUNT(*) FROM public.floor_plan_objects fpo
          WHERE fpo.floor_plan_id = fp.id AND fpo.category IN ('table', 'booth')
        ),
        'total_capacity', (
          SELECT COALESCE(SUM(fpo.capacity), 0) FROM public.floor_plan_objects fpo
          WHERE fpo.floor_plan_id = fp.id AND fpo.category IN ('table', 'booth')
        ),
        -- New nested objects array
        'objects', (
          SELECT COALESCE(json_agg(
            json_build_object(
              'id', fpo.id,
              'name', fpo.name,
              'shape_id', fpo.shape_id,
              'category', fpo.category,
              'x', fpo.x,
              'y', fpo.y,
              'rotation', fpo.rotation,
              'width', fpo.width,
              'height', fpo.height,
              'capacity', fpo.capacity,
              'min_capacity', fpo.min_capacity,
              'is_reservable', fpo.is_reservable,
              'is_combinable', fpo.is_combinable,
              'default_turn_time', fpo.default_turn_time,
              'section_id', fpo.section_id,
              'zone_name', fpo.zone_name,
              'label_override', fpo.label_override,
              'color_override', fpo.color_override,
              'z_index', fpo.z_index,
              'is_visible', fpo.is_visible,
              'is_active', fpo.is_active
            ) ORDER BY fpo.z_index ASC, fpo.created_at ASC
          ), '[]'::json)
          FROM public.floor_plan_objects fpo
          WHERE fpo.floor_plan_id = fp.id
        )
      ) ORDER BY fp.display_order, fp.name
    ), '[]'::json)
    FROM public.floor_plans fp
    WHERE fp.location_id = p_location_id
      AND fp.merchant_id = user_merchant_id()
  );
END;$function$
"
public,get_location_item_price,"CREATE OR REPLACE FUNCTION public.get_location_item_price(p_location_id uuid, p_menu_item_id uuid, p_is_cash boolean DEFAULT false)
 RETURNS numeric
 LANGUAGE plpgsql
 STABLE
AS $function$
DECLARE
    v_price DECIMAL(10, 2);
BEGIN
    -- First check for location override
    IF p_is_cash THEN
        SELECT COALESCE(o.custom_cash_price, mi.cash_price, mi.price)
        INTO v_price
        FROM menu_items mi
        LEFT JOIN location_menu_item_overrides o 
            ON o.menu_item_id = mi.id AND o.location_id = p_location_id
        WHERE mi.id = p_menu_item_id;
    ELSE
        SELECT COALESCE(o.custom_price, mi.price)
        INTO v_price
        FROM menu_items mi
        LEFT JOIN location_menu_item_overrides o 
            ON o.menu_item_id = mi.id AND o.location_id = p_location_id
        WHERE mi.id = p_menu_item_id;
    END IF;
    
    RETURN v_price;
END;
$function$
"
public,get_location_role,"CREATE OR REPLACE FUNCTION public.get_location_role(p_location_id uuid)
 RETURNS text
 LANGUAGE sql
 STABLE SECURITY DEFINER
AS $function$
    SELECT role_code FROM location_members
    WHERE user_id = current_user_id()
      AND location_id = p_location_id
      AND is_active = true
    LIMIT 1;
$function$
"
public,get_menu_for_location,"CREATE OR REPLACE FUNCTION public.get_menu_for_location(p_menu_id uuid, p_location_id uuid DEFAULT NULL::uuid)
 RETURNS json
 LANGUAGE plpgsql
 SECURITY DEFINER
AS $function$
DECLARE
    result JSON;
BEGIN
    SELECT json_build_object(
        'id', m.id,
        'merchant_id', m.merchant_id,
        'location_id', m.location_id,
        'name', m.name,
        'description', m.description,
        'is_active', m.is_active,
        'is_global', (m.location_id IS NULL),
        'is_location_owned', (m.location_id IS NOT NULL),
        'created_at', m.created_at,
        'updated_at', m.updated_at,
        
        'menu_categories', (
            SELECT COALESCE(json_agg(
                json_build_object(
                    'id', mc.id,
                    'category', json_build_object(
                        'id', c.id,
                        'name', c.name,
                        'description', c.description,
                        'image', c.image,
                        'is_active', COALESCE(lco.is_active, c.is_active),
                        'has_override', (lco.id IS NOT NULL)
                    )
                ) 
            ), '[]'::json)
            FROM menu_categories mc
            JOIN categories c ON c.id = mc.category_id
            LEFT JOIN location_category_overrides lco 
                ON lco.category_id = c.id AND lco.location_id = p_location_id
            WHERE mc.menu_id = m.id
        ),
        
        'menu_item_menus', (
            SELECT COALESCE(json_agg(
                json_build_object(
                    'id', mim.id,
                    
                    -- Level 3: Menu-level pricing
                    'custom_price', mim.custom_price,
                    'custom_cash_price', mim.custom_cash_price,
                    'is_available', mim.is_available,
                    
                    -- Level 4: Location + Menu override
                    'location_menu_override', CASE 
                        WHEN lmio.id IS NOT NULL THEN json_build_object(
                            'id', lmio.id,
                            'custom_price', lmio.custom_price,
                            'custom_cash_price', lmio.custom_cash_price,
                            'is_available', lmio.is_available
                        )
                        ELSE NULL
                    END,
                    
                    'menu_item', json_build_object(
                        'id', mi.id,
                        'name', mi.name,
                        'description', mi.description,
                        'image', mi.image,
                        'meal_types', mi.meal_types,
                        'allergens', mi.allergens,
                        'card_bg_color', mi.card_bg_color,
                        
                        -- Level 1: Global base
                        'price', mi.price,
                        'cash_price', mi.cash_price,
                        'availability', mi.availability,
                        
                        -- Level 2: Location item base override
                        'location_item_override', CASE 
                            WHEN lio.id IS NOT NULL THEN json_build_object(
                                'id', lio.id,
                                'custom_price', lio.custom_price,
                                'custom_cash_price', lio.custom_cash_price,
                                'price_modifier', lio.price_modifier,
                                'price_modifier_type', lio.price_modifier_type,
                                'is_available', lio.is_available,
                                'current_stock', lio.current_stock
                            )
                            ELSE NULL
                        END,
                        
                        -- ================================================
                        -- EFFECTIVE PRICE CALCULATION
                        -- Full cascade: Level 4 > Level 2 > Level 3 > Level 1
                        -- ================================================
                        'effective_price', CASE
                            -- Location-owned menu: just use menu price
                            WHEN m.location_id IS NOT NULL THEN 
                                COALESCE(mim.custom_price, mi.price)
                            -- Global menu with location context
                            ELSE COALESCE(
                                lmio.custom_price,                              -- Level 4
                                -- Level 2 with modifier logic
                                CASE 
                                    WHEN lio.price_modifier_type = 'add' AND lio.price_modifier IS NOT NULL THEN
                                        COALESCE(mim.custom_price, mi.price) + lio.price_modifier
                                    WHEN lio.price_modifier_type = 'percent' AND lio.price_modifier IS NOT NULL THEN
                                        COALESCE(mim.custom_price, mi.price) * (1 + lio.price_modifier / 100)
                                    WHEN lio.custom_price IS NOT NULL THEN
                                        lio.custom_price
                                    ELSE NULL
                                END,
                                mim.custom_price,                               -- Level 3
                                mi.price                                        -- Level 1
                            )
                        END,
                        
                        'effective_cash_price', CASE
                            WHEN m.location_id IS NOT NULL THEN 
                                COALESCE(mim.custom_cash_price, mi.cash_price)
                            ELSE COALESCE(
                                lmio.custom_cash_price,
                                CASE 
                                    WHEN lio.price_modifier_type = 'add' AND lio.price_modifier IS NOT NULL THEN
                                        COALESCE(mim.custom_cash_price, mi.cash_price) + lio.price_modifier
                                    WHEN lio.price_modifier_type = 'percent' AND lio.price_modifier IS NOT NULL THEN
                                        COALESCE(mim.custom_cash_price, mi.cash_price) * (1 + lio.price_modifier / 100)
                                    WHEN lio.custom_cash_price IS NOT NULL THEN
                                        lio.custom_cash_price
                                    ELSE NULL
                                END,
                                mim.custom_cash_price,
                                mi.cash_price
                            )
                        END,
                        
                        -- Availability: AND logic
                        'effective_availability', (
                            mi.availability = true
                            AND COALESCE(lio.is_available, true) = true
                            AND mim.is_available = true
                            AND COALESCE(lmio.is_available, true) = true
                        ),
                        
                        -- UI helper flags
                        'has_location_item_override', (lio.id IS NOT NULL),
                        'has_menu_override', (mim.custom_price IS NOT NULL),
                        'has_location_menu_override', (lmio.id IS NOT NULL),
                        
                        'price_source', CASE
                            WHEN m.location_id IS NOT NULL AND mim.custom_price IS NOT NULL 
                                THEN 'location_menu'
                            WHEN lmio.custom_price IS NOT NULL 
                                THEN 'location_menu_override'
                            WHEN lio.custom_price IS NOT NULL OR lio.price_modifier IS NOT NULL 
                                THEN 'location_item_override'
                            WHEN mim.custom_price IS NOT NULL 
                                THEN 'menu_override'
                            ELSE 'base'
                        END,
                        
                        -- Price breakdown for admin UI
                        'price_breakdown', json_build_object(
                            'level_1_base', mi.price,
                            'level_2_location_item', lio.custom_price,
                            'level_2_modifier', lio.price_modifier,
                            'level_2_modifier_type', lio.price_modifier_type,
                            'level_3_menu', mim.custom_price,
                            'level_4_location_menu', lmio.custom_price
                        ),
                        
                        'stock_tracking_mode', COALESCE(
                            NULLIF(lio.stock_tracking_mode, 'use_default'),
                            mi.stock_tracking_mode
                        ),
                        'current_stock', lio.current_stock,
--  3. NESTED MODIFIERS (The New Logic)
                        'modifier_groups', (
                            SELECT COALESCE(json_agg(
                                json_build_object(
                                    'id', mg.id,
                                    'name', mg.name,
                                    'min_selections', mg.min_selections,
                                    'max_selections', mg.max_selections,
                                    'is_required', mg.is_required,
                                    
                                    -- Group Availability Override
                                    'is_active', COALESCE(lmgo.is_active, true),
                                    
                                    'items', (
                                        SELECT COALESCE(json_agg(
                                            json_build_object(
                                                'id', mgi.id,
                                                'name', mgi.name,
                                                
                                                -- Modifier Price: Location Override > Global Base
                                                'price_modifier', COALESCE(lmio_mod.price_modifier, mgi.price_modifier),
                                                
                                                -- Modifier Availability: Location Override > Global Base
                                                'is_active', (
                                                    mgi.is_active = true 
                                                    AND COALESCE(lmio_mod.is_active, true) = true
                                                ),

                                                -- Stock Status (Location Specific)
                                                'stock_tracking_mode', COALESCE(lmio_mod.stock_tracking_mode, 'in_stock'),
                                                'current_stock', lmio_mod.current_stock
                                            ) ORDER BY mgi.name
                                        ), '[]'::json)
                                        FROM modifier_group_items mgi
                                        -- LEFT JOIN: Check for Item Override
                                        LEFT JOIN location_modifier_item_overrides lmio_mod
                                            ON lmio_mod.modifier_group_item_id = mgi.id 
                                            AND lmio_mod.location_id = p_location_id
                                        WHERE mgi.modifier_group_id = mg.id
                                    )
                                ) ORDER BY mg.name
                            ), '[]'::json)
                            FROM menu_item_modifier_groups mimg
                            JOIN modifier_groups mg ON mg.id = mimg.modifier_group_id
                            -- LEFT JOIN: Check for Group Override
                            LEFT JOIN location_modifier_group_overrides lmgo
                                ON lmgo.modifier_group_id = mg.id 
                                AND lmgo.location_id = p_location_id
                            WHERE mimg.menu_item_id = mi.id
                        )
                    )
                )
            ), '[]'::json)
            FROM menu_item_menus mim
            JOIN menu_items mi ON mi.id = mim.menu_item_id
            -- Level 2: Location item base
            LEFT JOIN location_item_overrides lio 
                ON lio.menu_item_id = mi.id AND lio.location_id = p_location_id
            -- Level 4: Location + Menu override
            LEFT JOIN location_menu_item_overrides lmio 
                ON lmio.menu_item_id = mi.id 
                AND lmio.menu_id = p_menu_id 
                AND lmio.location_id = p_location_id
            WHERE mim.menu_id = m.id
        ),
        
        'menu_schedules', (
            SELECT COALESCE(json_agg(
                json_build_object(
                    'id', ms.id,
                    'schedule', json_build_object(
                        'id', s.id,
                        'name', s.name,
                        'description', s.description,
                        'is_active', s.is_active,
                        'schedule_time_slots', (
                            SELECT COALESCE(json_agg(
                                json_build_object(
                                    'id', sts.id,
                                    'day_of_week', sts.day_of_week,
                                    'start_time', sts.start_time,
                                    'end_time', sts.end_time
                                )
                            ), '[]'::json)
                            FROM schedule_time_slots sts
                            WHERE sts.schedule_id = s.id
                        )
                    )
                )
            ), '[]'::json)
            FROM menu_schedules ms
            JOIN schedules s ON s.id = ms.schedule_id
            WHERE ms.menu_id = m.id
        )
    ) INTO result
    FROM menus m
    WHERE m.id = p_menu_id;
    
    RETURN result;
END;
$function$
"
public,get_menu_item_details,"CREATE OR REPLACE FUNCTION public.get_menu_item_details(p_item_id uuid, p_location_id uuid DEFAULT NULL::uuid)
 RETURNS json
 LANGUAGE plpgsql
 SECURITY DEFINER
AS $function$
BEGIN
    RETURN (
        SELECT json_build_object(
            'id', mi.id,
            'name', mi.name,
            'description', mi.description,
            'image', mi.image,
            'meal_types', mi.meal_types,
            'allergens', mi.allergens,
            'card_bg_color', mi.card_bg_color,
            'stock_tracking_mode', mi.stock_tracking_mode,
            
            -- Level 1: Global Base
            'base_price', mi.price,
            'base_cash_price', mi.cash_price,
            'base_availability', mi.availability,
            
            -- Level 2: Location Override
            'location_override', CASE 
                WHEN lio.id IS NOT NULL THEN json_build_object(
                    'id', lio.id,
                    'custom_price', lio.custom_price,
                    'custom_cash_price', lio.custom_cash_price,
                    'price_modifier', lio.price_modifier,
                    'price_modifier_type', lio.price_modifier_type,
                    'is_available', lio.is_available,
                    'stock_tracking_mode', lio.stock_tracking_mode,
                    'current_stock', lio.current_stock
                )
                ELSE NULL
            END,
            
            -- Effective Values (Computed)
            'effective_price', COALESCE(lio.custom_price, mi.price),
            'effective_cash_price', COALESCE(lio.custom_cash_price, mi.cash_price),
            'effective_availability', COALESCE(lio.is_available, mi.availability),
            
            -- UI Flags
            'has_location_override', (lio.id IS NOT NULL),
            'price_source', CASE
                WHEN lio.custom_price IS NOT NULL THEN 'location_override'
                ELSE 'base'
            END,
            
            -- Modifiers (With Location Overrides)
            'modifier_groups', (
                SELECT COALESCE(json_agg(
                    json_build_object(
                        'id', mg.id,
                        'name', mg.name,
                        'description', mg.description,
                        'min_selections', mg.min_selections,
                        'max_selections', mg.max_selections,
                        'is_required', mg.is_required,
                        
                        -- Group Active Status (Override > Global)
                        'is_active', COALESCE(lmgo.is_active, true),
                        
                        'items', (
                            SELECT COALESCE(json_agg(
                                json_build_object(
                                    'id', mgi.id,
                                    'name', mgi.name,
                                    'description', mgi.description,
                                    
                                    -- Price (Override > Global)
                                    'price_modifier', COALESCE(lmio_mod.price_modifier, mgi.price_modifier),
                                    
                                    -- Active (Override > Global)
                                    'is_active', (mgi.is_active = true AND COALESCE(lmio_mod.is_active, true) = true),
                                    
                                    -- Stock (Location Specific)
                                    'stock_tracking_mode', COALESCE(lmio_mod.stock_tracking_mode, 'in_stock'),
                                    'current_stock', lmio_mod.current_stock
                                ) ORDER BY mgi.name ASC
                            ), '[]'::json)
                            FROM modifier_group_items mgi
                            LEFT JOIN location_modifier_item_overrides lmio_mod
                                ON lmio_mod.modifier_group_item_id = mgi.id 
                                AND lmio_mod.location_id = p_location_id
                            WHERE mgi.modifier_group_id = mg.id
                        )
                    ) ORDER BY mg.name ASC
                ), '[]'::json)
                FROM menu_item_modifier_groups mimg
                JOIN modifier_groups mg ON mg.id = mimg.modifier_group_id
                LEFT JOIN location_modifier_group_overrides lmgo
                    ON lmgo.modifier_group_id = mg.id 
                    AND lmgo.location_id = p_location_id
                WHERE mimg.menu_item_id = mi.id
            ),

            -- Categories
            'categories', (
                SELECT COALESCE(json_agg(
                    json_build_object('id', c.id, 'name', c.name)
                ), '[]'::json)
                FROM menu_item_categories mic
                JOIN categories c ON c.id = mic.category_id
                WHERE mic.menu_item_id = mi.id
            ),

            -- NEW: Featured Menus List (Where is this item used?)
            'menus', (
                SELECT COALESCE(json_agg(
                    json_build_object(
                        'id', m.id,
                        'name', m.name,
                        'is_active', m.is_active,
                        'is_global', (m.location_id IS NULL),
                        'location_id', m.location_id
                    ) ORDER BY m.name ASC
                ), '[]'::json)
                FROM menu_item_menus mim
                JOIN menus m ON m.id = mim.menu_id
                WHERE mim.menu_item_id = mi.id
            ),

            -- NEW: Total Menu Count
            'menu_count', (
                SELECT COUNT(*) 
                FROM menu_item_menus mim 
                WHERE mim.menu_item_id = mi.id
            )
        )
        FROM menu_items mi
        LEFT JOIN location_item_overrides lio 
            ON lio.menu_item_id = mi.id AND lio.location_id = p_location_id
        WHERE mi.id = p_item_id
    );
END;
$function$
"
public,get_menu_with_categories,"CREATE OR REPLACE FUNCTION public.get_menu_with_categories(p_menu_id uuid, p_location_id uuid DEFAULT NULL::uuid)
 RETURNS json
 LANGUAGE plpgsql
 SECURITY DEFINER
AS $function$DECLARE
    result JSON;
BEGIN
    SELECT json_build_object(
        'id', m.id,
        'merchant_id', m.merchant_id,
        'location_id', m.location_id,
        'name', m.name,
        'description', m.description,
        'is_active', m.is_active,
        'is_global', (m.location_id IS NULL),
        'is_location_owned', (m.location_id IS NOT NULL),
        'created_at', m.created_at,
        'updated_at', m.updated_at,
        
        -- Categories with items (Uber Eats / DoorDash style)
        'categories', (
            SELECT COALESCE(json_agg(
                json_build_object(
                    'id', mc.id,
                    'category_id', c.id,
                    'display_order', COALESCE(
                        lmco.display_order, 
                        lco.display_order, 
                        mc.display_order
                    ),
                    'is_active', COALESCE(
                        lmco.is_active, 
                        lco.is_active, 
                        mc.is_active, 
                        true
                    ),
                    
                    'category', json_build_object(
                        'id', c.id,
                        'location_id', c.location_id,
                        'name', COALESCE(lmco.custom_title, mc.custom_title, c.name),
                        'description', c.description,
                        'image', COALESCE(mc.custom_image, c.image),
                        'has_location_override', (lco.id IS NOT NULL),
                        'has_menu_category_override', (lmco.id IS NOT NULL)
                    ),
                    
                    -- Items in this category on this menu
                    'items', (
                        SELECT COALESCE(json_agg(
                            json_build_object(
                                'id', ci.id,
                                'menu_item_id', mi.id,
                                'category_id', c.id,
                                'display_order', COALESCE(lcio.display_order, ci.display_order),
                                'is_featured', COALESCE(lcio.is_featured, ci.is_featured),
                                'menu_item', json_build_object(
                                    'id', mi.id,
                                    'name', mi.name,
                                    'description', mi.description,
                                    'image', mi.image,
                                    'allergens', mi.allergens,
                                    'meal_types', mi.meal_types,
                                    'card_bg_color', mi.card_bg_color,
                                    'is_tax_exempt', false,
                                    'tax_category', 'standard',
                                    
                                    -- ============================================
                                    -- PRICE BREAKDOWN (All Levels)
                                    -- ============================================
                                    'price_levels', json_build_object(
                                        'level_1_base', mi.price,
                                        'level_2_location_item', lio.custom_price,
                                        'level_2_modifier', lio.price_modifier,
                                        'level_2_modifier_type', lio.price_modifier_type,
                                        'level_3_category', ci.custom_price,
                                        'level_4_location_category', lcio.custom_price,
                                        'level_5_location_menu', lmio.custom_price
                                    ),
                                    
                                    -- ============================================
                                    -- EFFECTIVE PRICE (Full Cascade)
                                    -- L5 > L4 > L3 > L2 > L1
                                    -- ============================================
                                    -- 'effective_price', CASE
                                    --     -- Location-owned menu: simplified cascade
                                    --     WHEN m.location_id IS NOT NULL THEN 
                                    --         COALESCE(
                                    --             ci.custom_price, 
                                    --             mi.price
                                    --         )
                                    --     -- Global menu with location context
                                    --     ELSE COALESCE(
                                    --         lmio.custom_price,                    -- L5: Location + Menu
                                    --         lcio.custom_price,                    -- L4: Location + Category
                                    --         ci.custom_price,                      -- L3: Category
                                    --         -- L2 with modifier logic
                                    --         CASE 
                                    --             WHEN lio.price_modifier_type = 'add' 
                                    --                  AND lio.price_modifier IS NOT NULL 
                                    --             THEN mi.price + lio.price_modifier
                                    --             WHEN lio.price_modifier_type = 'percent' 
                                    --                  AND lio.price_modifier IS NOT NULL 
                                    --             THEN mi.price * (1 + lio.price_modifier / 100)
                                    --             WHEN lio.custom_price IS NOT NULL 
                                    --             THEN lio.custom_price
                                    --             ELSE NULL
                                    --         END,
                                    --         mi.price                              -- L1: Base
                                    --     )
                                    -- END,
                                    
                                    -- 'effective_cash_price', CASE
                                    --     WHEN m.location_id IS NOT NULL THEN 
                                    --         COALESCE(ci.custom_cash_price, mi.cash_price)
                                    --     ELSE COALESCE(
                                    --         lmio.custom_cash_price,
                                    --         lcio.custom_cash_price,
                                    --         ci.custom_cash_price,
                                    --         lio.custom_cash_price,
                                    --         mi.cash_price
                                    --     )
                                    -- END,
                                    -- ============================================
-- EFFECTIVE PRICE (Full Cascade)
-- ============================================
'effective_price', CASE
    -- CASE A: Location-owned menu (e.g., ""Downtown Brunch"")
    -- Priority: Specific Menu Price (L3 equivalent) -> Location Override (L2) -> Base (L1)
    WHEN m.location_id IS NOT NULL THEN 
        COALESCE(
            ci.custom_price, -- Level 3: Specific price set on this menu
              lmio.custom_price,                    -- L5: Location + Menu
        lcio.custom_price,                    -- L4: Location + Category
        ci.custom_price,                      -- L3: Category
        -- L2 with modifier logi
            -- FIX: Inject Level 2 Logic here
            CASE 
                WHEN lio.price_modifier_type = 'add' 
                     AND lio.price_modifier IS NOT NULL 
                THEN mi.price + lio.price_modifier
                WHEN lio.price_modifier_type = 'percent' 
                     AND lio.price_modifier IS NOT NULL 
                THEN mi.price * (1 + lio.price_modifier / 100)
                WHEN lio.custom_price IS NOT NULL 
                THEN lio.custom_price
                ELSE NULL
            END,
            
            mi.price -- Level 1: Base Price
        )

    -- CASE B: Global menu with location context
    ELSE COALESCE(
        lmio.custom_price,                    -- L5: Location + Menu
        lcio.custom_price,                    -- L4: Location + Category
        ci.custom_price,                      -- L3: Category
        -- L2 with modifier logic
        CASE 
            WHEN lio.price_modifier_type = 'add' 
                 AND lio.price_modifier IS NOT NULL 
            THEN mi.price + lio.price_modifier
            WHEN lio.price_modifier_type = 'percent' 
                 AND lio.price_modifier IS NOT NULL 
            THEN mi.price * (1 + lio.price_modifier / 100)
            WHEN lio.custom_price IS NOT NULL 
            THEN lio.custom_price
            ELSE NULL
        END,
        mi.price                              -- L1: Base
    )
END,

'effective_cash_price', CASE
    -- CASE A: Location-owned menu
    WHEN m.location_id IS NOT NULL THEN 
        COALESCE(
            lmio.custom_cash_price,
        lcio.custom_cash_price,
        ci.custom_cash_price,
        lio.custom_cash_price,
        mi.cash_price
        )
    -- CASE B: Global menu
    ELSE COALESCE(
        lmio.custom_cash_price,
        lcio.custom_cash_price,
        ci.custom_cash_price,
        lio.custom_cash_price,
        mi.cash_price
    )
END,
                                    -- ============================================
                                    -- AVAILABILITY (AND Logic through all levels)
                                    -- ============================================
                                    'effective_availability', (
                                        mi.availability = true                           -- L1
                                        AND COALESCE(lio.is_available, true) = true      -- L2
                                        AND COALESCE(ci.is_available, true) = true       -- L3
                                        AND COALESCE(lcio.is_available, true) = true     -- L4
                                        AND COALESCE(lmio.is_available, true) = true     -- L5
                                    ),
                                    
                                    -- Price source indicator for UI
                                    'price_source', CASE
                                        WHEN lmio.custom_price IS NOT NULL THEN 'location_menu'
                                        WHEN lcio.custom_price IS NOT NULL THEN 'location_category'
                                        WHEN ci.custom_price IS NOT NULL THEN 'category'
                                        WHEN lio.custom_price IS NOT NULL OR lio.price_modifier IS NOT NULL 
                                            THEN 'location_item'
                                        ELSE 'base'
                                    END,
                                    
                                    -- Override flags for UI
                                    'has_location_item_override', (lio.id IS NOT NULL),
                                    'has_category_override', (ci.custom_price IS NOT NULL),
                                    'has_location_category_override', (lcio.id IS NOT NULL),
                                    'has_location_menu_override', (lmio.id IS NOT NULL),
                                    
                                    -- Stock info
                                    'stock_tracking_mode', COALESCE(
                                        NULLIF(lio.stock_tracking_mode, 'use_default'),
                                        mi.stock_tracking_mode
                                    ),
                                    'current_stock', lio.current_stock,
                                    
                                    -- Modifiers (with location overrides)
                                    'modifier_groups', (
                                        SELECT COALESCE(json_agg(
                                            json_build_object(
                                                'id', mg.id,
                                                'name', mg.name,
                                                'min_selections', mg.min_selections,
                                                'max_selections', mg.max_selections,
                                                'is_required', mg.is_required,
                                                'is_active', COALESCE(lmgo.is_active, true),
                                                
                                                'items', (
                                                    SELECT COALESCE(json_agg(
                                                        json_build_object(
                                                            'id', mgi.id,
                                                            'name', mgi.name,
                                                            'price_modifier', COALESCE(
                                                                lmio_mod.price_modifier, 
                                                                mgi.price_modifier
                                                            ),
                                                            'is_active', (
                                                                mgi.is_active = true 
                                                                AND COALESCE(lmio_mod.is_active, true) = true
                                                            ),
                                                            'stock_tracking_mode', COALESCE(
                                                                lmio_mod.stock_tracking_mode, 
                                                                'in_stock'
                                                            ),
                                                            'current_stock', lmio_mod.current_stock
                                                        ) ORDER BY mgi.display_order, mgi.name
                                                    ), '[]'::json)
                                                    FROM modifier_group_items mgi
                                                    LEFT JOIN location_modifier_item_overrides lmio_mod
                                                        ON lmio_mod.modifier_group_item_id = mgi.id 
                                                        AND lmio_mod.location_id = p_location_id
                                                    WHERE mgi.modifier_group_id = mg.id
                                                )
                                            ) ORDER BY mg.display_order, mg.name
                                        ), '[]'::json)
                                        FROM menu_item_modifier_groups mimg
                                        JOIN modifier_groups mg ON mg.id = mimg.modifier_group_id
                                        LEFT JOIN location_modifier_group_overrides lmgo
                                            ON lmgo.modifier_group_id = mg.id 
                                            AND lmgo.location_id = p_location_id
                                        WHERE mimg.menu_item_id = mi.id
                                    )
                                )
                            ) ORDER BY COALESCE(lcio.display_order, ci.display_order)
                        ), '[]'::json)
                        FROM category_items ci
                        JOIN menu_items mi ON mi.id = ci.menu_item_id
                        -- L2: Location item override
                        LEFT JOIN location_item_overrides lio 
                            ON lio.menu_item_id = mi.id 
                            AND lio.location_id = p_location_id
                        -- L4: Location + Category override
                        LEFT JOIN location_category_item_overrides lcio 
                            ON lcio.menu_item_id = mi.id 
                            AND lcio.category_id = c.id
                            AND lcio.location_id = p_location_id
                        -- L5: Location + Menu override
                        LEFT JOIN location_menu_item_overrides lmio 
                            ON lmio.menu_item_id = mi.id 
                            AND lmio.menu_id = m.id
                            AND lmio.category_id = c.id
                            AND lmio.location_id = p_location_id
                        WHERE ci.category_id = c.id
                          AND COALESCE(ci.is_available, true) = true
                    )
                ) ORDER BY COALESCE(lmco.display_order, lco.display_order, mc.display_order)
            ), '[]'::json)
            FROM menu_categories mc
            JOIN categories c ON c.id = mc.category_id
            LEFT JOIN location_category_overrides lco 
                ON lco.category_id = c.id 
                AND lco.location_id = p_location_id
            LEFT JOIN location_menu_category_overrides lmco
                ON lmco.category_id = c.id
                AND lmco.menu_id = m.id
                AND lmco.location_id = p_location_id
            WHERE mc.menu_id = m.id
        ),
        
        -- Schedules
        'schedules', (
            SELECT COALESCE(json_agg(
                json_build_object(
                    'id', ms.id,
                    'schedule', json_build_object(
                        'id', s.id,
                        'name', s.name,
                        'description', s.description,
                        'is_active', s.is_active,
                        'time_slots', (
                            SELECT COALESCE(json_agg(
                                json_build_object(
                                    'id', sts.id,
                                    'day_of_week', sts.day_of_week,
                                    'start_time', sts.start_time,
                                    'end_time', sts.end_time
                                )
                            ), '[]'::json)
                            FROM schedule_time_slots sts
                            WHERE sts.schedule_id = s.id
                        )
                    )
                )
            ), '[]'::json)
            FROM menu_schedules ms
            JOIN schedules s ON s.id = ms.schedule_id
            WHERE ms.menu_id = m.id
        )
    ) INTO result
    FROM menus m
    WHERE m.id = p_menu_id;
    
    RETURN result;
END;$function$
"
public,get_my_carrier_id,"CREATE OR REPLACE FUNCTION public.get_my_carrier_id()
 RETURNS uuid
 LANGUAGE sql
 STABLE
AS $function$
  SELECT id FROM public.carriers WHERE clerk_org_id = get_my_claim('org_id');
$function$
"
public,get_my_claim,"CREATE OR REPLACE FUNCTION public.get_my_claim(claim text)
 RETURNS text
 LANGUAGE sql
 STABLE
AS $function$
  SELECT auth.jwt()->>claim;
$function$
"
public,get_order_courses,"CREATE OR REPLACE FUNCTION public.get_order_courses(p_order_id uuid)
 RETURNS json
 LANGUAGE plpgsql
 SECURITY DEFINER
AS $function$
BEGIN
  RETURN (
    SELECT json_build_object(
      'order_id', p_order_id,
      'courses', COALESCE(
        (
          SELECT json_agg(
            json_build_object(
              'course_number', oc.course_number,
              'status', oc.status,
              'created_at', oc.created_at,
              'fired_at', oc.fired_at,
              'served_at', oc.served_at,
              'item_count', (
                SELECT COUNT(*) FROM public.order_items oi
                WHERE oi.order_id = p_order_id 
                  AND oi.course_number = oc.course_number
                  AND oi.is_voided = FALSE
              ),
              'items', (
                SELECT json_agg(
                  json_build_object(
                    'id', oi.id,
                    'item_name', oi.item_name,
                    'quantity', oi.quantity,
                    'subtotal', oi.subtotal
                  )
                )
                FROM public.order_items oi
                WHERE oi.order_id = p_order_id 
                  AND oi.course_number = oc.course_number
                  AND oi.is_voided = FALSE
              )
            ) ORDER BY oc.course_number
          )
          FROM public.order_courses oc
          WHERE oc.order_id = p_order_id
        ),
        '[]'::json
      ),
      'working_course', (
        SELECT ts.working_course 
        FROM public.table_sessions ts 
        WHERE ts.order_id = p_order_id AND ts.is_active = TRUE
      ),
      'highest_course', (
        SELECT COALESCE(MAX(course_number), 0)
        FROM public.order_items
        WHERE order_id = p_order_id AND is_voided = FALSE
      )
    )
    FROM public.orders o
    WHERE o.id = p_order_id
      AND o.merchant_id = user_merchant_id()
      AND o.location_id = ANY(user_location_ids())
  );
END;
$function$
"
public,get_order_details,"CREATE OR REPLACE FUNCTION public.get_order_details(p_order_id uuid)
 RETURNS json
 LANGUAGE plpgsql
 SECURITY DEFINER
AS $function$
DECLARE
  v_result JSON;
BEGIN
  -- Verify user has access
  IF NOT EXISTS (
    SELECT 1 FROM public.orders
    WHERE id = p_order_id
      AND merchant_id = user_merchant_id()
      AND location_id = ANY(user_location_ids())
  ) THEN
    RAISE EXCEPTION 'Order not found or access denied';
  END IF;
  
  -- Verify user has permission
  -- IF NOT auth.has_any_permission(ARRAY['location.orders.view', 'merchant.orders.view']) THEN
  --   RAISE EXCEPTION 'Permission denied: location.orders.view or merchant.orders.view required';
  -- END IF;
  
  SELECT json_build_object(
    'order', row_to_json(o.*),
    'items', (
      SELECT COALESCE(json_agg(
        json_build_object(
          'item', row_to_json(oi.*),
          'modifiers', (
            SELECT COALESCE(json_agg(row_to_json(oim.*)), '[]'::json)
            FROM public.order_item_modifiers oim
            WHERE oim.order_item_id = oi.id
          )
        )
      ), '[]'::json)
      FROM public.order_items oi
      WHERE oi.order_id = o.id
        AND oi.is_voided = FALSE
    ),
    'payments', (
      SELECT COALESCE(json_agg(row_to_json(op.*)), '[]'::json)
      FROM public.order_payments op
      WHERE op.order_id = o.id
    ),
    'status_history', (
      SELECT COALESCE(json_agg(row_to_json(osh.*) ORDER BY osh.changed_at), '[]'::json)
      FROM public.order_status_history osh
      WHERE osh.order_id = o.id
    )
  )
  INTO v_result
  FROM public.orders o
  WHERE o.id = p_order_id;
  
  RETURN v_result;
END;
$function$
"
public,get_order_item,"CREATE OR REPLACE FUNCTION public.get_order_item(p_order_item_id uuid)
 RETURNS json
 LANGUAGE plpgsql
 SECURITY DEFINER
AS $function$
DECLARE
  v_result JSON;
BEGIN
  SELECT json_build_object(
    'item', json_build_object(
      'id', oi.id,
      'order_id', oi.order_id,
      'menu_item_id', oi.menu_item_id,
      'location_exclusive_item_id', oi.location_exclusive_item_id,
      'item_name', oi.item_name,
      'item_description', oi.item_description,
      'category_name', oi.category_name,
      'quantity', oi.quantity,
      'unit_price', oi.unit_price,
      'cash_price', oi.cash_price,
      'price_paid', oi.price_paid,
      'subtotal', oi.subtotal,
      'selected_size_id', oi.selected_size_id,
      'selected_size_name', oi.selected_size_name,
      'size_price_modifier', oi.size_price_modifier,
      'special_instructions', oi.special_instructions,
      'item_status', oi.item_status,
      'prep_station', oi.prep_station,
      'course_number', oi.course_number,
      'is_voided', oi.is_voided,
      'created_at', oi.created_at,
      'updated_at', oi.updated_at
    ),
    'modifiers', (
      SELECT COALESCE(json_agg(
        json_build_object(
          'id', oim.id,
          'modifier_group_id', oim.modifier_group_id,
          'modifier_item_id', oim.modifier_item_id,
          'modifier_group_name', oim.modifier_group_name,
          'modifier_name', oim.modifier_name,
          'price_modifier', oim.price_modifier,
          'quantity', oim.quantity,
          'total_price', oim.total_price
        )
      ), '[]'::json)
      FROM public.order_item_modifiers oim
      WHERE oim.order_item_id = oi.id
    ),
    'modifier_total', (
      SELECT COALESCE(SUM(total_price), 0)
      FROM public.order_item_modifiers
      WHERE order_item_id = oi.id
    )
  )
  INTO v_result
  FROM public.order_items oi
  JOIN public.orders o ON o.id = oi.order_id
  WHERE oi.id = p_order_item_id
    AND o.merchant_id = user_merchant_id()
    AND o.location_id = ANY(user_location_ids());

  IF v_result IS NULL THEN
    RAISE EXCEPTION 'Order item not found';
  END IF;

  RETURN v_result;
END;
$function$
"
public,get_pos_full_sync,"CREATE OR REPLACE FUNCTION public.get_pos_full_sync(p_location_id uuid)
 RETURNS json
 LANGUAGE plpgsql
 SECURITY DEFINER
AS $function$
DECLARE
    result JSON;
BEGIN
    SELECT json_build_object(
        -- 1. Metadata about the sync
        'synced_at', NOW(),
        'location_id', p_location_id,
        
        -- 2. The Full Menu List (Deeply Resolved)
        'menus', (
            SELECT COALESCE(json_agg(
                -- We call the detailed function for each valid menu
                get_menu_with_categories(m.id, p_location_id)
            ), '[]'::json)
            FROM menus m
            WHERE m.merchant_id = (SELECT merchant_id FROM locations WHERE id = p_location_id)
            AND m.is_active = true
            -- LOGIC: Get Global Menus + Location Specific Menus
            AND (
                (m.location_id IS NULL) -- Global menus
                OR 
                (m.location_id = p_location_id) -- Menus specific to this location
            )
            -- Optional: Add logic here if you have a way to 'hide' global menus from specific locations
        )
    ) INTO result;

    RETURN result;
END;
$function$
"
public,get_pto_balance,"CREATE OR REPLACE FUNCTION public.get_pto_balance(p_employee_id uuid)
 RETURNS numeric
 LANGUAGE sql
AS $function$
  SELECT COALESCE(SUM(amount), 0) FROM pto_ledger WHERE employee_id = p_employee_id;
$function$
"
public,get_reservations,"CREATE OR REPLACE FUNCTION public.get_reservations(p_location_id uuid, p_date date DEFAULT CURRENT_DATE, p_include_cancelled boolean DEFAULT false)
 RETURNS json
 LANGUAGE plpgsql
 SECURITY DEFINER
AS $function$
BEGIN
  RETURN (
    SELECT json_build_object(
      'date', p_date,
      'reservations', COALESCE(json_agg(
        json_build_object(
          'id', r.id,
          'confirmation_number', r.confirmation_number,
          'party_name', r.party_name,
          'party_size', r.party_size,
          'phone', r.phone,
          'email', r.email,
          'reservation_time', r.reservation_time,
          'duration_minutes', r.duration_minutes,
          'end_time', r.reservation_time + (r.duration_minutes || ' minutes')::INTERVAL,
          'status', r.status,
          'assigned_table_ids', r.assigned_table_ids,
          'assigned_tables', (
            SELECT json_agg(fpo.name)
            FROM public.floor_plan_objects fpo
            WHERE fpo.id = ANY(r.assigned_table_ids)
          ),
          'preferred_section', r.preferred_section,
          'seating_preference', r.seating_preference,
          'notes', r.notes,
          'special_requests', r.special_requests,
          'is_vip', r.is_vip,
          'source', r.source
        ) ORDER BY r.reservation_time
      ), '[]'::json),
      'summary', json_build_object(
        'total', COUNT(*),
        'confirmed', COUNT(*) FILTER (WHERE r.status = 'confirmed'),
        'pending', COUNT(*) FILTER (WHERE r.status = 'pending'),
        'total_covers', SUM(r.party_size)
      )
    )
    FROM public.reservations r
    WHERE r.location_id = p_location_id
      AND r.merchant_id = user_merchant_id()
      AND p_location_id = ANY(user_location_ids())
      AND r.reservation_date = p_date
      AND (p_include_cancelled OR r.status NOT IN ('cancelled', 'no_show'))
  );
END;
$function$
"
public,get_unified_staff_view,"CREATE OR REPLACE FUNCTION public.get_unified_staff_view(p_merchant_id uuid, p_location_id uuid DEFAULT NULL::uuid)
 RETURNS TABLE(member_id text, staff_profile_id uuid, user_id text, clerk_user_id text, email text, first_name text, last_name text, display_name text, avatar_url text, phone text, account_type text, is_clerk_user boolean, location_assignments jsonb, total_locations integer, primary_location_id uuid, primary_location_name text, overall_is_active boolean, member_created_at timestamp with time zone, last_updated_at timestamp with time zone)
 LANGUAGE plpgsql
 SECURITY DEFINER
AS $function$
BEGIN
    RETURN QUERY
    WITH staff_data AS (
        SELECT
            sp.id AS profile_id,
            sp.user_id,
            u.id AS clerk_user_id,
            sp.email,
            sp.first_name,
            sp.last_name,
            sp.display_name,
            COALESCE(u.avatar_url, sp.avatar_url) AS avatar_url,
            sp.phone,
            sp.account_type,
            sp.is_active AS profile_active,
            sp.created_at,
            sp.updated_at
        FROM staff_profiles sp
        LEFT JOIN users u ON u.id = sp.user_id
        WHERE sp.merchant_id = p_merchant_id
    ),
    location_data AS (
        SELECT
            lm.staff_profile_id,
            jsonb_agg(
                jsonb_build_object(
                    'location_id', l.id,
                    'location_name', l.name,
                    'role_code', lm.role_code,
                    'role_name', r.name,
                    'is_primary', lm.is_primary_location,
                    'is_active', lm.is_active,
                    'has_pin', lm.pin_code IS NOT NULL,
                    'hourly_rate', lm.hourly_rate,
                    'employment_type', lm.employment_type,
                    'assigned_at', lm.assigned_at
                ) ORDER BY lm.is_primary_location DESC, l.name
            ) AS assignments,
            COUNT(*)::INT AS location_count,
            -- Aggregation fix + Casting
            MAX(CASE WHEN lm.is_primary_location THEN l.id::text END)::uuid AS primary_loc_id,
            MAX(CASE WHEN lm.is_primary_location THEN l.name END) AS primary_loc_name,
            BOOL_OR(lm.is_active) AS any_active
        FROM location_members lm
        INNER JOIN locations l ON l.id = lm.location_id
        LEFT JOIN roles r ON r.code = lm.role_code
        WHERE lm.staff_profile_id IS NOT NULL
            AND l.merchant_id = p_merchant_id
            AND (p_location_id IS NULL OR lm.location_id = p_location_id)
        GROUP BY lm.staff_profile_id
    )
    SELECT
        -- STRICT TYPE CASTING TO MATCH 'RETURNS TABLE'
        m.id::text AS member_id,                         -- Col 1: Text
        sd.profile_id::uuid AS staff_profile_id,         -- Col 2: UUID
        sd.user_id::text AS user_id,                     -- Col 3: TEXT
        sd.clerk_user_id::text AS clerk_user_id,         -- Col 4: TEXT (Fixed mismatch)
        sd.email::text,
        sd.first_name::text,
        sd.last_name::text,
        sd.display_name::text,
        sd.avatar_url::text,
        sd.phone::text,
        sd.account_type::text,
        (sd.account_type = 'clerk')::boolean AS is_clerk_user,

        COALESCE(ld.assignments, '[]'::jsonb) AS location_assignments,
        COALESCE(ld.location_count, 0)::int AS total_locations,
        ld.primary_loc_id::uuid AS primary_location_id,
        ld.primary_loc_name::text AS primary_location_name,

        (COALESCE(ld.any_active, false) AND sd.profile_active)::boolean AS overall_is_active,

        m.created_at::timestamptz AS member_created_at,
        m.updated_at::timestamptz AS last_updated_at
    FROM staff_data sd
    LEFT JOIN members m ON m.staff_profile_id = sd.profile_id OR m.user_id = sd.user_id
    LEFT JOIN location_data ld ON ld.staff_profile_id = sd.profile_id
    WHERE ld.staff_profile_id IS NOT NULL
    ORDER BY sd.last_name, sd.first_name;
END;
$function$
"
public,get_user_accessible_locations,"CREATE OR REPLACE FUNCTION public.get_user_accessible_locations(p_user_id text)
 RETURNS TABLE(location_id uuid, location_name text, role_code text, role_name text, is_primary boolean)
 LANGUAGE plpgsql
 SECURITY DEFINER
AS $function$
BEGIN
    RETURN QUERY
    SELECT 
        l.id as location_id,
        l.name as location_name,
        lm.role_code,
        r.name as role_name,
        lm.is_primary_location as is_primary
    FROM location_members lm
    JOIN locations l ON l.id = lm.location_id
    JOIN roles r ON r.code = lm.role_code
    WHERE lm.user_id = p_user_id
      AND lm.is_active = true
      AND l.is_active = true
    ORDER BY lm.is_primary_location DESC, l.name ASC;
END;
$function$
"
public,get_waitlist,"CREATE OR REPLACE FUNCTION public.get_waitlist(p_location_id uuid, p_include_completed boolean DEFAULT false)
 RETURNS json
 LANGUAGE plpgsql
 SECURITY DEFINER
AS $function$BEGIN
  RETURN (
    SELECT json_build_object(
      'waitlist', COALESCE(json_agg(
        json_build_object(
          'id', w.id,
          'party_name', w.party_name,
          'party_size', w.party_size,
          'phone', w.phone,
          'status', w.status,
          'position', w.position_in_queue,
          'quoted_wait_minutes', w.quoted_wait_minutes,
          'estimated_ready_at', w.estimated_ready_at,
          'actual_wait_minutes', w.actual_wait_minutes,
          'preferred_section', w.preferred_section,
          'seating_preference', w.seating_preference,
          'notes', w.notes,
          'created_at', w.created_at,
          'notified_at', w.notified_at,
          'minutes_waiting', EXTRACT(EPOCH FROM (NOW() - w.created_at)) / 60
        ) ORDER BY w.position_in_queue
      ), '[]'::json),
      'summary', json_build_object(
        'total_waiting', COUNT(*) FILTER (WHERE w.status = 'waiting'),
        'total_notified', COUNT(*) FILTER (WHERE w.status = 'notified'),
        'avg_wait_time', AVG(w.actual_wait_minutes) FILTER (WHERE w.actual_wait_minutes IS NOT NULL)
      )
    )
    FROM public.waitlist w
    WHERE w.location_id = p_location_id
      AND w.merchant_id = user_merchant_id()
      -- AND p_location_id = ANY(user_location_ids())
      AND (
        p_include_completed 
        OR w.status IN ('waiting', 'notified', 'arrived')
      )
      AND w.created_at >= CURRENT_DATE
  );
END;$function$
"
public,handle_shift_update_notification,"CREATE OR REPLACE FUNCTION public.handle_shift_update_notification()
 RETURNS trigger
 LANGUAGE plpgsql
 SECURITY DEFINER
AS $function$
DECLARE
    v_schedule_status text;
BEGIN
    -- Check if parent schedule is active
    SELECT status INTO v_schedule_status FROM schedules WHERE id = NEW.schedule_id;
    
    -- If schedule is draft, do nothing
    IF v_schedule_status != 'active' THEN RETURN NEW; END IF;

    -- CASE 1: Shift Assigned (Null -> User)
    IF OLD.employee_id IS NULL AND NEW.employee_id IS NOT NULL THEN
        INSERT INTO notifications (merchant_id, recipient_id, type, title, body, data)
        VALUES (NEW.merchant_id, NEW.employee_id, 'schedule_update', 
                'New Shift Assigned', 
                'You have been assigned a shift on ' || to_char(NEW.start_time, 'Mon DD') || ' at ' || to_char(NEW.start_time, 'HH:MI AM'),
                jsonb_build_object('shift_id', NEW.id));

    -- CASE 2: Shift Removed (User -> Null)
    ELSIF OLD.employee_id IS NOT NULL AND NEW.employee_id IS NULL THEN
        INSERT INTO notifications (merchant_id, recipient_id, type, title, body, data)
        VALUES (OLD.merchant_id, OLD.employee_id, 'schedule_update', 
                'Shift Removed', 
                'Your shift on ' || to_char(OLD.start_time, 'Mon DD') || ' has been removed.',
                jsonb_build_object('shift_id', OLD.id));

    -- CASE 3: Shift Reassigned (User A -> User B)
    ELSIF OLD.employee_id IS NOT NULL AND NEW.employee_id IS NOT NULL AND OLD.employee_id != NEW.employee_id THEN
        -- Notify Old User
        INSERT INTO notifications (merchant_id, recipient_id, type, title, body, data)
        VALUES (OLD.merchant_id, OLD.employee_id, 'schedule_update', 'Shift Removed', 'Your shift on ' || to_char(OLD.start_time, 'Mon DD') || ' has been removed.', jsonb_build_object('shift_id', OLD.id));
        -- Notify New User
        INSERT INTO notifications (merchant_id, recipient_id, type, title, body, data)
        VALUES (NEW.merchant_id, NEW.employee_id, 'schedule_update', 'New Shift Assigned', 'You have been assigned a shift on ' || to_char(NEW.start_time, 'Mon DD') || '.', jsonb_build_object('shift_id', NEW.id));

    -- CASE 4: Time Change (Same User)
    ELSIF OLD.employee_id = NEW.employee_id AND (OLD.start_time != NEW.start_time OR OLD.end_time != NEW.end_time) THEN
        INSERT INTO notifications (merchant_id, recipient_id, type, title, body, data)
        VALUES (NEW.merchant_id, NEW.employee_id, 'schedule_update', 
                'Shift Updated', 
                'Your shift on ' || to_char(NEW.start_time, 'Mon DD') || ' changed: ' || to_char(NEW.start_time, 'HH:MI AM') || ' - ' || to_char(NEW.end_time, 'HH:MI AM'),
                jsonb_build_object('shift_id', NEW.id));
    END IF;

    RETURN NEW;
END;
$function$
"
public,handle_time_clock,"CREATE OR REPLACE FUNCTION public.handle_time_clock(p_pin_code text, p_location_id uuid, p_action_type text, p_device_id text DEFAULT NULL::text)
 RETURNS json
 LANGUAGE plpgsql
 SECURITY DEFINER
AS $function$DECLARE
    v_staff_id uuid;
    v_rate numeric;
    v_merchant_id uuid;
    v_current_shift_id uuid;
    v_current_status text;
    v_result json;
BEGIN
    -- 1. Validate PIN & Get Staff Context (Updated for Bcrypt)
    SELECT sm.staff_profile_id, sm.hourly_rate, sm.merchant_id
    INTO v_staff_id, v_rate, v_merchant_id
    
    FROM location_members sm
    WHERE sm.location_id = p_location_id 
      AND sm.is_active = true
      -- CRITICAL CHANGE: Validate the plain text PIN against the Bcrypt hash
      AND replace(sm.pin_code, '$2b$', '$2a$') = crypt(p_pin_code, replace(sm.pin_code, '$2b$', '$2a$'));

    IF NOT FOUND THEN
        RAISE EXCEPTION 'Invalid PIN code';
    END IF;

    -- 2. Find Active Shift (if any)
    SELECT id, status INTO v_current_shift_id, v_current_status
    FROM staff_shifts
    WHERE staff_profile_id = v_staff_id
      AND status != 'completed'
    ORDER BY created_at DESC
    LIMIT 1;

    -- 3. Handle Actions
    IF p_action_type = 'clock_in' THEN
        IF v_current_shift_id IS NOT NULL THEN
            RAISE EXCEPTION 'You are already clocked in!';
        END IF;

        INSERT INTO staff_shifts (
            merchant_id, location_id, staff_profile_id, 
            status, hourly_rate_snapshot, device_id
        ) VALUES (
            v_merchant_id, p_location_id, v_staff_id, 
            'active', COALESCE(v_rate, 0), p_device_id
        ) RETURNING id INTO v_current_shift_id;
        
        v_current_status := 'active';

    ELSIF p_action_type = 'clock_out' THEN
        IF v_current_shift_id IS NULL THEN
            RAISE EXCEPTION 'No active shift found to clock out from.';
        END IF;

        IF v_current_status = 'on_break' THEN
             RAISE EXCEPTION 'Please end your break before clocking out.';
        END IF;

        UPDATE staff_shifts
        SET status = 'completed',
            clock_out_time = now(),
            updated_at = now()
        WHERE id = v_current_shift_id;
        
        v_current_status := 'completed';

    ELSIF p_action_type = 'break_start' THEN
        IF v_current_status != 'active' THEN
             RAISE EXCEPTION 'Can only start break if active.';
        END IF;

        UPDATE staff_shifts
        SET status = 'on_break',
            break_logs = break_logs OR jsonb_build_object(
                'start', now(), 
                'end', null, 
                'type', 'unpaid'
            ),
            updated_at = now()
        WHERE id = v_current_shift_id;
        
        v_current_status := 'on_break';

    ELSIF p_action_type = 'break_end' THEN
        IF v_current_status != 'on_break' THEN
             RAISE EXCEPTION 'You are not on a break.';
        END IF;

        UPDATE staff_shifts
        SET status = 'active',
            break_logs = (
                SELECT jsonb_agg(
                    CASE 
                        WHEN (ordinality = jsonb_array_length(break_logs)) THEN 
                             elem OR jsonb_build_object('end', now())
                        ELSE elem 
                    END
                )
                FROM staff_shifts, jsonb_array_elements(break_logs) WITH ORDINALITY AS elem
                WHERE id = v_current_shift_id
            ),
            updated_at = now()
        WHERE id = v_current_shift_id;
        
        v_current_status := 'active';
    END IF;

    -- 4. Return Status for UI
    SELECT json_build_object(
        'success', true,
        'action', p_action_type,
        'status', v_current_status,
        'staff_id', v_staff_id,
        'shift_id', v_current_shift_id
    ) INTO v_result;

    RETURN v_result;
END;$function$
"
public,is_dexapos_admin,"CREATE OR REPLACE FUNCTION public.is_dexapos_admin()
 RETURNS boolean
 LANGUAGE sql
 STABLE
AS $function$
  -- Check if DexaPOS HQ Clerk Org ID
  SELECT get_my_claim('org_id') = 'org_33z36QibAMZy6kc2xZNYmDl5duh';
$function$
"
public,is_location_member,"CREATE OR REPLACE FUNCTION public.is_location_member(p_location_id uuid)
 RETURNS boolean
 LANGUAGE sql
 STABLE SECURITY DEFINER
AS $function$
    SELECT EXISTS (
        SELECT 1 FROM location_members
        WHERE user_id = current_user_id()
          AND location_id = p_location_id
          AND is_active = true
    );
$function$
"
public,is_merchant_admin,"CREATE OR REPLACE FUNCTION public.is_merchant_admin(p_merchant_id uuid)
 RETURNS boolean
 LANGUAGE sql
 STABLE SECURITY DEFINER
AS $function$-- Single table lookup, context secure
SELECT EXISTS (
    SELECT 1 
    FROM members m
    JOIN merchants mer ON mer.clerk_org_id = m.organization_id
    WHERE m.user_id = current_user_id()
      AND mer.id = p_merchant_id
      -- The role is directly checked against the membership for THIS merchant
      AND m.role IN ('merchant.owner', 'merchant.admin','merchant.manager') 
);$function$
"
public,is_merchant_owner,"CREATE OR REPLACE FUNCTION public.is_merchant_owner(p_merchant_id uuid)
 RETURNS boolean
 LANGUAGE sql
 STABLE SECURITY DEFINER
AS $function$-- Single table lookup, context secure
SELECT EXISTS (
    SELECT 1 
    FROM members m
    JOIN merchants mer ON mer.clerk_org_id = m.organization_id
    WHERE m.user_id = current_user_id()
      AND mer.id = p_merchant_id
      -- The role is directly checked against the membership for THIS merchant
      AND m.role IN ('merchant.owner', 'merchant.admin') 
);$function$
"
public,link_order_to_session,"CREATE OR REPLACE FUNCTION public.link_order_to_session(p_session_id uuid, p_order_id uuid)
 RETURNS json
 LANGUAGE plpgsql
 SECURITY DEFINER
AS $function$
BEGIN
  -- Verify session
  IF NOT EXISTS (
    SELECT 1 FROM public.table_sessions
    WHERE id = p_session_id AND is_active = TRUE
      AND merchant_id = user_merchant_id()
      AND location_id = ANY(user_location_ids())
  ) THEN
    RAISE EXCEPTION 'Session not found';
  END IF;

  -- Verify order
  IF NOT EXISTS (
    SELECT 1 FROM public.orders
    WHERE id = p_order_id
      AND merchant_id = user_merchant_id()
      AND location_id = ANY(user_location_ids())
  ) THEN
    RAISE EXCEPTION 'Order not found';
  END IF;

  -- Link
  UPDATE public.table_sessions
  SET order_id = p_order_id, updated_at = NOW()
  WHERE id = p_session_id;

  -- Record event if first order
  INSERT INTO public.table_session_events (
    session_id, event_type, event_data,
    triggered_by_staff_id, triggered_by_user_id
  ) VALUES (
    p_session_id, 'order_placed', 
    jsonb_build_object('order_id', p_order_id),
    user_staff_profile_id(), get_my_claim('sub')
  );

  RETURN json_build_object(
    'success', true,
    'session_id', p_session_id,
    'order_id', p_order_id
  );
END;
$function$
"
public,mark_course_served,"CREATE OR REPLACE FUNCTION public.mark_course_served(p_order_id uuid, p_course_number integer)
 RETURNS json
 LANGUAGE plpgsql
 SECURITY DEFINER
AS $function$DECLARE
  v_course_id UUID;
  v_session_id UUID;
BEGIN
  -- Get course
  SELECT id INTO v_course_id
  FROM public.order_courses
  WHERE order_id = p_order_id AND course_number = p_course_number;

  IF v_course_id IS NULL THEN
    RAISE EXCEPTION 'Course not found';
  END IF;

  -- Update to served
  UPDATE public.order_courses
  SET status = 'served', served_at = NOW()
  WHERE id = v_course_id;

  -- Record event on session
  SELECT ts.id INTO v_session_id
  FROM public.table_sessions ts
  WHERE ts.order_id = p_order_id AND ts.is_active = TRUE;

  IF v_session_id IS NOT NULL THEN
    INSERT INTO public.table_session_events (
      session_id, event_type, event_data,
      triggered_by_staff_id, triggered_by_user_id
    ) VALUES (
      v_session_id,
      CASE p_course_number
        WHEN 1 THEN 'appetizers_served'::session_event_type
        WHEN 2 THEN 'mains_served'::session_event_type
        WHEN 3 THEN 'desserts_served'::session_event_type
        ELSE 'custom'::session_event_type
      END,
      jsonb_build_object('course_number', p_course_number),
      user_staff_profile_id(),
      get_my_claim('sub')
    );

    -- Update food_served_at if not set
    UPDATE public.table_sessions
    SET food_served_at = COALESCE(food_served_at, NOW())
    WHERE id = v_session_id;
  END IF;

  RETURN json_build_object(
    'success', true,
    'course_number', p_course_number,
    'status', 'served'
  );
END;$function$
"
public,merge_table_to_session,"CREATE OR REPLACE FUNCTION public.merge_table_to_session(p_session_id uuid, p_table_id uuid)
 RETURNS json
 LANGUAGE plpgsql
 SECURITY DEFINER
AS $function$
DECLARE
  v_position INTEGER;
BEGIN
  -- Verify session
  IF NOT EXISTS (
    SELECT 1 FROM public.table_sessions
    WHERE id = p_session_id AND is_active = TRUE
      AND merchant_id = user_merchant_id()
      AND location_id = ANY(user_location_ids())
  ) THEN
    RAISE EXCEPTION 'Session not found';
  END IF;

  -- Check table is available
  IF EXISTS (
    SELECT 1 FROM public.table_session_tables tst
    JOIN public.table_sessions ts ON ts.id = tst.session_id
    WHERE tst.table_id = p_table_id AND ts.is_active = TRUE
  ) THEN
    RAISE EXCEPTION 'Table is already occupied';
  END IF;

  -- Get next position
  SELECT COALESCE(MAX(seated_position), 0) + 1 INTO v_position
  FROM public.table_session_tables
  WHERE session_id = p_session_id;

  -- Add table
  INSERT INTO public.table_session_tables (session_id, table_id, is_primary, seated_position)
  VALUES (p_session_id, p_table_id, FALSE, v_position);

  RETURN json_build_object(
    'success', true,
    'session_id', p_session_id,
    'merged_table_id', p_table_id
  );
END;
$function$
"
public,migrate_menu_items_to_categories,"CREATE OR REPLACE FUNCTION public.migrate_menu_items_to_categories()
 RETURNS json
 LANGUAGE plpgsql
AS $function$
DECLARE
    v_migrated INTEGER := 0;
    v_default_category_id UUID;
    v_merchant_id UUID;
BEGIN
    -- For each unique merchant that has menu_item_menus records
    FOR v_merchant_id IN 
        SELECT DISTINCT mi.merchant_id 
        FROM menu_item_menus mim
        JOIN menu_items mi ON mi.id = mim.menu_item_id
        WHERE mim.is_migrated = false
    LOOP
        -- Create or get ""Uncategorized"" category for this merchant
        INSERT INTO categories (merchant_id, name, description, is_active)
        VALUES (v_merchant_id, 'Uncategorized', 'Items without a specific category', true)
        ON CONFLICT DO NOTHING;
        
        SELECT id INTO v_default_category_id 
        FROM categories 
        WHERE merchant_id = v_merchant_id AND name = 'Uncategorized'
        LIMIT 1;
        
        -- Migrate items that don't have category assignments
        INSERT INTO category_items (category_id, menu_item_id, display_order, is_available)
        SELECT DISTINCT 
            v_default_category_id,
            mim.menu_item_id,
            0,
            mim.is_available
        FROM menu_item_menus mim
        JOIN menu_items mi ON mi.id = mim.menu_item_id
        WHERE mi.merchant_id = v_merchant_id
          AND NOT EXISTS (
              SELECT 1 FROM category_items ci 
              WHERE ci.menu_item_id = mim.menu_item_id
          )
        ON CONFLICT (category_id, menu_item_id) DO NOTHING;
        
        -- Add category to menus that had these items
        INSERT INTO menu_categories (menu_id, category_id, display_order, is_active, merchant_id)
        SELECT DISTINCT 
            mim.menu_id,
            v_default_category_id,
            0,
            true,
            '2add44cb-f498-4653-aca3-a8f0ca258e70'::uuid
        FROM menu_item_menus mim
        JOIN menu_items mi ON mi.id = mim.menu_item_id
        WHERE mi.merchant_id = v_merchant_id
        ON CONFLICT (menu_id, category_id) DO NOTHING;
        
        -- Mark as migrated
        UPDATE menu_item_menus mim
        SET is_migrated = true
        FROM menu_items mi
        WHERE mi.id = mim.menu_item_id
          AND mi.merchant_id = v_merchant_id;
        
        GET DIAGNOSTICS v_migrated = ROW_COUNT;
    END LOOP;
    
    RETURN json_build_object(
        'success', true,
        'migrated_count', v_migrated
    );
END;
$function$
"
public,notify_waitlist_party,"CREATE OR REPLACE FUNCTION public.notify_waitlist_party(p_waitlist_id uuid, p_notification_type text DEFAULT 'sms'::text)
 RETURNS json
 LANGUAGE plpgsql
 SECURITY DEFINER
AS $function$
DECLARE
  v_phone TEXT;
  v_party_name TEXT;
BEGIN
  -- Get party info
  SELECT phone, party_name INTO v_phone, v_party_name
  FROM public.waitlist
  WHERE id = p_waitlist_id
    AND merchant_id = user_merchant_id()
    AND location_id = ANY(user_location_ids())
    AND status = 'waiting';

  IF NOT FOUND THEN
    RAISE EXCEPTION 'Waitlist entry not found or already notified';
  END IF;

  -- Update status
  UPDATE public.waitlist
  SET 
    status = 'notified',
    notified_at = NOW(),
    notification_count = notification_count + 1,
    last_notification_type = p_notification_type
  WHERE id = p_waitlist_id;

  -- Note: Actual SMS sending would be handled by an edge function or external service
  -- This just marks it as notified and returns info for the caller to send

  RETURN json_build_object(
    'success', true,
    'waitlist_id', p_waitlist_id,
    'party_name', v_party_name,
    'phone', v_phone,
    'notification_type', p_notification_type,
    'action_required', 'send_sms',
    'message_template', 'Hi ' || v_party_name || '! Your table is ready at [Restaurant]. Please check in with the host within 10 minutes.'
  );
END;
$function$
"
public,process_payment,"CREATE OR REPLACE FUNCTION public.process_payment(p_order_id uuid, p_payment_method payment_method, p_amount numeric, p_tip_amount numeric DEFAULT 0, p_amount_tendered numeric DEFAULT NULL::numeric, p_terminal_type terminal_type DEFAULT 'none'::terminal_type, p_terminal_id text DEFAULT NULL::text, p_device_id text DEFAULT NULL::text, p_transaction_details jsonb DEFAULT '{}'::jsonb)
 RETURNS json
 LANGUAGE plpgsql
 SECURITY DEFINER
AS $function$
DECLARE
  v_payment_id UUID;
  v_order_total NUMERIC(10, 2);
  v_amount_paid NUMERIC(10, 2);
  v_new_amount_paid NUMERIC(10, 2);
  v_change_given NUMERIC(10, 2) := 0;
  v_actual_tendered NUMERIC(10, 2);
  v_staff_id UUID;
  v_user_id TEXT;
  v_result JSON;
BEGIN
  -- Get current user
  v_user_id := get_my_claim('sub');
  
  -- Get staff_id if exists
  SELECT id INTO v_staff_id
  FROM public.staff_profiles
  WHERE user_id = v_user_id
  LIMIT 1;
  
  -- Verify user has access and get order details
  SELECT total_amount, amount_paid
  INTO v_order_total, v_amount_paid
  FROM public.orders
  WHERE id = p_order_id
    AND merchant_id = user_merchant_id()
    AND location_id = ANY(user_location_ids());
  
  IF NOT FOUND THEN
    RAISE EXCEPTION 'Order not found or access denied';
  END IF;
  
  -- -- Verify user has permission to manage orders
  -- IF NOT has_permission('location.orders.manage') THEN
  --   RAISE EXCEPTION 'Permission denied: location.orders.manage required';
  -- END IF;
  
  -- Validate payment amount
  IF p_amount <= 0 THEN
    RAISE EXCEPTION 'Payment amount must be positive';
  END IF;
  
  -- Handle cash-specific logic
  IF p_payment_method = 'cash' THEN
    -- For cash, amount_tendered is required and must be >= amount
    v_actual_tendered := COALESCE(p_amount_tendered, p_amount + p_tip_amount);
    
    -- IF v_actual_tendered < (p_amount + p_tip_amount) THEN
    --   RAISE EXCEPTION 'Amount tendered ($%) is less than payment amount ($%)', 
    --     v_actual_tendered, (p_amount + p_tip_amount);
    -- END IF;
    
    -- Calculate change
    v_change_given := v_actual_tendered - (p_amount + p_tip_amount);
  ELSE
    -- For card payments, tendered = amount (no change)
    v_actual_tendered := p_amount + p_tip_amount;
    v_change_given := 0;
  END IF;
  
  -- Create payment record
  INSERT INTO public.order_payments (
    order_id,
    payment_method,
    amount,
    tip_amount,
    total_amount,
    amount_tendered,      -- NEW
    change_given,         -- NEW
    status,
    terminal_type,
    terminal_id,
    device_id,
    processed_by_staff_id,
    processed_by_user_id,
    initiated_at,
    captured_at,
    -- Extract transaction details from JSONB
    transaction_id,
    authorization_code,
    card_type,
    card_last_four,
    processor_response,
    metadata
  ) VALUES (
    p_order_id,
    p_payment_method,
    p_amount,
    p_tip_amount,
    p_amount + p_tip_amount,
    v_actual_tendered,    -- NEW
    v_change_given,       -- NEW
    'captured',
    p_terminal_type,
    p_terminal_id,
    p_device_id,
    v_staff_id,
    v_user_id,
    NOW(),
    NOW(),
    p_transaction_details->>'transaction_id',
    p_transaction_details->>'authorization_code',
    p_transaction_details->>'card_type',
    p_transaction_details->>'card_last_four',
    p_transaction_details,
    p_transaction_details
  )
  RETURNING id INTO v_payment_id;
  
  -- Update order payment status
  -- Only count actual amount applied, not overpayment
  v_new_amount_paid := v_amount_paid + p_amount + p_tip_amount;
  
  UPDATE public.orders
  SET 
    amount_paid = v_new_amount_paid,
    amount_due = GREATEST(0, total_amount - v_new_amount_paid),  -- Never negative
    payment_status = CASE 
      WHEN v_new_amount_paid >= total_amount THEN 'captured'::payment_status
      ELSE 'pending'::payment_status
    END,
    status = CASE
      WHEN v_new_amount_paid >= total_amount AND status = 'ready' THEN 'completed'::order_status
      ELSE status
    END,
    updated_at = NOW()
  WHERE id = p_order_id;
  
  -- Log to audit
  INSERT INTO public.audit_logs (
    actor_user_id,
    action,
    action_category,
    resource_type,
    resource_name,
    metadata,
    status
  ) VALUES (
    v_user_id,
    'payment_processed',
    'order_management',
    'payment',
    v_payment_id::TEXT,
    jsonb_build_object(
      'order_id', p_order_id,
      'payment_method', p_payment_method,
      'amount', p_amount,
      'tip_amount', p_tip_amount,
      'amount_tendered', v_actual_tendered,
      'change_given', v_change_given
    ),
    'success'
  );
  
  -- Return result
  SELECT json_build_object(
    'success', true,
    'payment_id', v_payment_id,
    'order_id', p_order_id,
    'payment_method', p_payment_method,
    'amount_applied', p_amount,
    'tip_amount', p_tip_amount,
    'amount_tendered', v_actual_tendered,
    'change_given', v_change_given,           -- NEW: Tell POS how much change to give
    'order_amount_paid', v_new_amount_paid,
    'order_amount_due', GREATEST(0, v_order_total - v_new_amount_paid),
    'order_fully_paid', v_new_amount_paid >= v_order_total
  ) INTO v_result;
  
  RETURN v_result;
END;
$function$
"
public,process_shift_pto_accrual,"CREATE OR REPLACE FUNCTION public.process_shift_pto_accrual()
 RETURNS trigger
 LANGUAGE plpgsql
 SECURITY DEFINER
AS $function$
DECLARE
    v_policy_id uuid;
    v_accrual_rate numeric;
    v_method text;
    v_hours_worked numeric;
    v_earned numeric;
BEGIN
    -- Only run when shift becomes 'completed'
    IF NEW.status = 'completed' AND (OLD.status != 'completed' OR OLD.status IS NULL) THEN
        
        -- 1. Get Employee's Policy
        SELECT p.id, p.accrual_rate, p.accrual_method
        INTO v_policy_id, v_accrual_rate, v_method
        FROM staff_profiles sp
        JOIN pto_policies p ON p.id = sp.pto_policy_id
        WHERE sp.id = NEW.employee_id;
        
        -- If no policy or not hourly, skip
        IF v_policy_id IS NULL OR v_method != 'hourly' THEN RETURN NEW; END IF;

        -- 2. Calculate Hours Worked (using actual clock times if available, else scheduled)
        v_hours_worked := EXTRACT(EPOCH FROM (NEW.end_time - NEW.start_time))/3600;
        
        -- 3. Calculate Earned Amount
        v_earned := v_hours_worked * v_accrual_rate;
        
        -- 4. Credit the Ledger
        INSERT INTO pto_ledger (
            merchant_id, 
            employee_id, 
            transaction_type, 
            amount, 
            source_shift_id, 
            description
        ) VALUES (
            NEW.merchant_id,
            NEW.employee_id,
            'accrual',
            v_earned,
            NEW.id,
            'Accrued from ' || round(v_hours_worked, 2) || 'h shift'
        );
    END IF;
    RETURN NEW;
END;
$function$
"
public,publish_schedule,"CREATE OR REPLACE FUNCTION public.publish_schedule(p_schedule_id uuid, p_merchant_id uuid)
 RETURNS boolean
 LANGUAGE plpgsql
 SECURITY DEFINER
AS $function$
DECLARE
    v_schedule_name text;
    v_start_date date;
    v_end_date date;
BEGIN
    -- 1. Get Schedule Details & Validate
    SELECT name, start_date, end_date 
    INTO v_schedule_name, v_start_date, v_end_date
    FROM schedules 
    WHERE id = p_schedule_id AND merchant_id = p_merchant_id;

    IF NOT FOUND THEN RAISE EXCEPTION 'Schedule not found'; END IF;

    -- 2. Update Schedule Status
    UPDATE schedules 
    SET status = 'active', updated_at = now() 
    WHERE id = p_schedule_id;

    -- 3. Update Shifts Status
    UPDATE shifts 
    SET status = 'published', updated_at = now()
    WHERE schedule_id = p_schedule_id;

    -- 4. BATCH NOTIFY: Insert one notification per unique employee
    INSERT INTO notifications (
        merchant_id, 
        recipient_id, 
        type, 
        title, 
        body, 
        data
    )
    SELECT DISTINCT
        p_merchant_id,
        s.employee_id,
        'schedule_published',
        'New Schedule Published',
        -- Dynamic Message: ""Week 42 (Oct 21 - Oct 27) is now live.""
        v_schedule_name || ' (' || to_char(v_start_date, 'Mon DD') || ' - ' || to_char(v_end_date, 'Mon DD') || ') is now live.',
        jsonb_build_object('schedule_id', p_schedule_id)
    FROM shifts s
    WHERE s.schedule_id = p_schedule_id
      AND s.employee_id IS NOT NULL; -- Don't notify open shifts yet

    RETURN true;
END;
$function$
"
public,recalculate_order_totals,"CREATE OR REPLACE FUNCTION public.recalculate_order_totals()
 RETURNS trigger
 LANGUAGE plpgsql
AS $function$
DECLARE
  v_order_id UUID;
  v_subtotal NUMERIC(10, 2);
BEGIN
  -- Determine order_id based on trigger context
  IF TG_OP = 'DELETE' THEN
    v_order_id = OLD.order_id;
  ELSE
    v_order_id = NEW.order_id;
  END IF;
  
  -- Recalculate order subtotal
  SELECT COALESCE(SUM(subtotal), 0)
  INTO v_subtotal
  FROM public.order_items
  WHERE order_id = v_order_id
    AND is_voided = FALSE;
  
  -- Update order
  UPDATE public.orders
  SET 
    subtotal = v_subtotal,
    total_amount = v_subtotal + tax_amount + service_charge - discount_amount,
    amount_due = v_subtotal + tax_amount + service_charge - discount_amount - amount_paid,
    updated_at = NOW()
  WHERE id = v_order_id;
  
  RETURN NULL;
END;
$function$
"
public,record_order_status_change,"CREATE OR REPLACE FUNCTION public.record_order_status_change()
 RETURNS trigger
 LANGUAGE plpgsql
AS $function$
BEGIN
  IF OLD.status IS DISTINCT FROM NEW.status THEN
    INSERT INTO public.order_status_history (
      order_id,
      from_status,
      to_status,
      changed_by_staff_id,
      changed_by_user_id,
      changed_at
    ) VALUES (
      NEW.id,
      OLD.status,
      NEW.status,
      NEW.created_by_staff_id,
      NEW.created_by_user_id,
      NOW()
    );
    
    -- Update timing fields based on status
    IF NEW.status = 'pending' AND NEW.sent_to_kitchen_at IS NULL THEN
      NEW.sent_to_kitchen_at = NOW();
    ELSIF NEW.status = 'preparing' AND NEW.started_preparing_at IS NULL THEN
      NEW.started_preparing_at = NOW();
    ELSIF NEW.status = 'ready' AND NEW.ready_at IS NULL THEN
      NEW.ready_at = NOW();
    ELSIF NEW.status = 'completed' AND NEW.completed_at IS NULL THEN
      NEW.completed_at = NOW();
    ELSIF NEW.status IN ('cancelled', 'void') AND NEW.cancelled_at IS NULL THEN
      NEW.cancelled_at = NOW();
    END IF;
  END IF;
  
  RETURN NEW;
END;
$function$
"
public,record_session_event,"CREATE OR REPLACE FUNCTION public.record_session_event(p_session_id uuid, p_event_type session_event_type, p_notes text DEFAULT NULL::text, p_event_data jsonb DEFAULT '{}'::jsonb)
 RETURNS json
 LANGUAGE plpgsql
 SECURITY DEFINER
AS $function$
DECLARE
  v_event_id UUID;
BEGIN
  -- Verify session access
  IF NOT EXISTS (
    SELECT 1 FROM public.table_sessions
    WHERE id = p_session_id
      AND merchant_id = user_merchant_id()
      AND location_id = ANY(user_location_ids())
  ) THEN
    RAISE EXCEPTION 'Session not found';
  END IF;

  INSERT INTO public.table_session_events (
    session_id, event_type, event_data, notes,
    triggered_by_staff_id, triggered_by_user_id
  ) VALUES (
    p_session_id, p_event_type, p_event_data, p_notes,
    user_staff_profile_id(), get_my_claim('sub')
  )
  RETURNING id INTO v_event_id;

  RETURN json_build_object(
    'success', true,
    'event_id', v_event_id,
    'event_type', p_event_type
  );
END;
$function$
"
public,refresh_user_location_access,"CREATE OR REPLACE FUNCTION public.refresh_user_location_access()
 RETURNS void
 LANGUAGE plpgsql
AS $function$
BEGIN
    REFRESH MATERIALIZED VIEW CONCURRENTLY mv_user_location_access;
END;
$function$
"
public,remove_category_from_menu,"CREATE OR REPLACE FUNCTION public.remove_category_from_menu(p_menu_id uuid, p_category_id uuid)
 RETURNS json
 LANGUAGE plpgsql
 SECURITY DEFINER
AS $function$
BEGIN
    DELETE FROM menu_categories
    WHERE menu_id = p_menu_id AND category_id = p_category_id;
    
    -- Also clean up location overrides
    DELETE FROM location_menu_category_overrides
    WHERE menu_id = p_menu_id AND category_id = p_category_id;
    
    RETURN json_build_object(
        'success', true,
        'menu_id', p_menu_id,
        'category_id', p_category_id
    );
END;
$function$
"
public,remove_item_from_category,"CREATE OR REPLACE FUNCTION public.remove_item_from_category(p_category_id uuid, p_menu_item_id uuid)
 RETURNS json
 LANGUAGE plpgsql
 SECURITY DEFINER
AS $function$
BEGIN
    -- Remove the item from category
    DELETE FROM category_items
    WHERE category_id = p_category_id AND menu_item_id = p_menu_item_id;
    
    -- Also clean up any location overrides for this category+item
    DELETE FROM location_category_item_overrides
    WHERE category_id = p_category_id AND menu_item_id = p_menu_item_id;
    
    RETURN json_build_object(
        'success', true,
        'category_id', p_category_id,
        'menu_item_id', p_menu_item_id
    );
END;
$function$
"
public,remove_order_item,"CREATE OR REPLACE FUNCTION public.remove_order_item(p_order_item_id uuid)
 RETURNS json
 LANGUAGE plpgsql
 SECURITY DEFINER
AS $function$
DECLARE
  v_order_id UUID;
  v_order_status TEXT;
  v_item_subtotal NUMERIC(10, 2);
  v_result JSON;
BEGIN
  -- Get order info and verify access
  SELECT 
    o.id,
    o.status,
    oi.subtotal
  INTO v_order_id, v_order_status, v_item_subtotal
  FROM public.order_items oi
  JOIN public.orders o ON o.id = oi.order_id
  WHERE oi.id = p_order_item_id
    AND oi.is_voided = FALSE
    AND o.merchant_id = user_merchant_id()
    AND o.location_id = ANY(user_location_ids());

  IF NOT FOUND THEN
    RAISE EXCEPTION 'Order item not found or access denied';
  END IF;

  -- Only allow hard delete on draft/pending orders
  -- Once order is confirmed/sent to kitchen, must use void_order_item
  IF v_order_status NOT IN ('draft', 'pending') THEN
    RAISE EXCEPTION 'Cannot remove items from % orders. Use void_order_item() instead.', v_order_status;
  END IF;

  -- Verify permission
  -- IF NOT has_permission('location.orders.manage') THEN
  --   RAISE EXCEPTION 'Permission denied: location.orders.manage required';
  -- END IF;

  -- Delete modifiers first (cascade would handle this, but being explicit)
  DELETE FROM public.order_item_modifiers
  WHERE order_item_id = p_order_item_id;

  -- Delete the item
  DELETE FROM public.order_items
  WHERE id = p_order_item_id;

  -- Return result
  SELECT json_build_object(
    'success', true,
    'removed_item_id', p_order_item_id,
    'order_id', v_order_id,
    'removed_subtotal', v_item_subtotal
  ) INTO v_result;

  RETURN v_result;
END;
$function$
"
public,remove_order_item_modifier,"CREATE OR REPLACE FUNCTION public.remove_order_item_modifier(p_modifier_id uuid)
 RETURNS json
 LANGUAGE plpgsql
 SECURITY DEFINER
AS $function$
DECLARE
  v_order_item_id UUID;
  v_order_id UUID;
  v_item_quantity INTEGER;
  v_price_paid NUMERIC(10, 2);
  v_new_modifier_total NUMERIC(10, 2);
  v_new_subtotal NUMERIC(10, 2);
  v_result JSON;
BEGIN
  -- Get modifier and item details
  SELECT 
    oim.order_item_id,
    oi.order_id,
    oi.quantity,
    oi.price_paid
  INTO v_order_item_id, v_order_id, v_item_quantity, v_price_paid
  FROM public.order_item_modifiers oim
  JOIN public.order_items oi ON oi.id = oim.order_item_id
  JOIN public.orders o ON o.id = oi.order_id
  WHERE oim.id = p_modifier_id
    AND oi.is_voided = FALSE
    AND o.merchant_id = user_merchant_id()
    AND o.location_id = ANY(user_location_ids())
    AND o.status NOT IN ('completed', 'cancelled', 'void');

  IF NOT FOUND THEN
    RAISE EXCEPTION 'Modifier not found or cannot be removed';
  END IF;

  -- Verify permission
  -- IF NOT has_permission('location.orders.manage') THEN
  --   RAISE EXCEPTION 'Permission denied';
  -- END IF;

  -- Delete modifier
  DELETE FROM public.order_item_modifiers
  WHERE id = p_modifier_id;

  -- Calculate new totals
  SELECT COALESCE(SUM(total_price), 0)
  INTO v_new_modifier_total
  FROM public.order_item_modifiers
  WHERE order_item_id = v_order_item_id;

  v_new_subtotal := (v_item_quantity * v_price_paid) + (v_item_quantity * v_new_modifier_total);

  -- Update item subtotal
  UPDATE public.order_items
  SET 
    subtotal = v_new_subtotal,
    updated_at = NOW()
  WHERE id = v_order_item_id;

  SELECT json_build_object(
    'success', true,
    'removed_modifier_id', p_modifier_id,
    'order_item_id', v_order_item_id,
    'modifier_total', v_new_modifier_total,
    'new_subtotal', v_new_subtotal
  ) INTO v_result;

  RETURN v_result;
END;
$function$
"
public,remove_order_items_batch,"CREATE OR REPLACE FUNCTION public.remove_order_items_batch(p_order_item_ids uuid[])
 RETURNS json
 LANGUAGE plpgsql
 SECURITY DEFINER
AS $function$
DECLARE
  v_order_id UUID;
  v_order_status TEXT;
  v_removed_count INTEGER := 0;
  v_item_id UUID;
  v_result JSON;
BEGIN
  -- Verify all items belong to same order and order is draft/pending
  SELECT DISTINCT o.id, o.status
  INTO v_order_id, v_order_status
  FROM public.order_items oi
  JOIN public.orders o ON o.id = oi.order_id
  WHERE oi.id = ANY(p_order_item_ids)
    AND o.merchant_id = user_merchant_id()
    AND o.location_id = ANY(user_location_ids());

  IF NOT FOUND THEN
    RAISE EXCEPTION 'Order items not found or access denied';
  END IF;

  IF v_order_status NOT IN ('draft', 'pending') THEN
    RAISE EXCEPTION 'Cannot remove items from % orders', v_order_status;
  END IF;

  -- Verify permission
  -- IF NOT has_permission('location.orders.manage') THEN
  --   RAISE EXCEPTION 'Permission denied';
  -- END IF;

  -- Delete modifiers for all items
  DELETE FROM public.order_item_modifiers
  WHERE order_item_id = ANY(p_order_item_ids);

  -- Delete items
  DELETE FROM public.order_items
  WHERE id = ANY(p_order_item_ids)
    AND is_voided = FALSE;

  GET DIAGNOSTICS v_removed_count = ROW_COUNT;

  SELECT json_build_object(
    'success', true,
    'order_id', v_order_id,
    'removed_count', v_removed_count,
    'removed_item_ids', p_order_item_ids
  ) INTO v_result;

  RETURN v_result;
END;
$function$
"
public,replace_order_item_modifiers,"CREATE OR REPLACE FUNCTION public.replace_order_item_modifiers(p_order_item_id uuid, p_modifiers jsonb)
 RETURNS json
 LANGUAGE plpgsql
 SECURITY DEFINER
AS $function$
DECLARE
  v_order_id UUID;
  v_quantity INTEGER;
  v_price_paid NUMERIC(10, 2);
  v_modifier JSONB;
  v_new_modifier_total NUMERIC(10, 2) := 0;
  v_new_subtotal NUMERIC(10, 2);
  v_result JSON;
BEGIN
  -- Get item details and verify access
  SELECT 
    oi.order_id,
    oi.quantity,
    oi.price_paid
  INTO v_order_id, v_quantity, v_price_paid
  FROM public.order_items oi
  JOIN public.orders o ON o.id = oi.order_id
  WHERE oi.id = p_order_item_id
    AND oi.is_voided = FALSE
    AND o.merchant_id = user_merchant_id()
    AND o.location_id = ANY(user_location_ids())
    AND o.status NOT IN ('completed', 'cancelled', 'void');

  IF NOT FOUND THEN
    RAISE EXCEPTION 'Order item not found or cannot be modified';
  END IF;

  -- Verify permission
  -- IF NOT has_permission('location.orders.manage') THEN
  --   RAISE EXCEPTION 'Permission denied: location.orders.manage required';
  -- END IF;

  -- Delete existing modifiers
  DELETE FROM public.order_item_modifiers
  WHERE order_item_id = p_order_item_id;

  -- Insert new modifiers
  IF p_modifiers IS NOT NULL AND jsonb_array_length(p_modifiers) > 0 THEN
    INSERT INTO public.order_item_modifiers (
      order_item_id,
      modifier_group_id,
      modifier_item_id,
      modifier_group_name,
      modifier_name,
      price_modifier,
      quantity,
      total_price
    )
    SELECT
      p_order_item_id,
      (mod->>'modifier_group_id')::UUID,
      (mod->>'modifier_item_id')::UUID,
      mod->>'modifier_group_name',
      mod->>'modifier_name',
      (mod->>'price_modifier')::NUMERIC,
      COALESCE((mod->>'quantity')::INTEGER, 1),
      (mod->>'price_modifier')::NUMERIC * COALESCE((mod->>'quantity')::INTEGER, 1)
    FROM jsonb_array_elements(p_modifiers) AS mod;

    -- Calculate new modifier total
    SELECT COALESCE(SUM(total_price), 0)
    INTO v_new_modifier_total
    FROM public.order_item_modifiers
    WHERE order_item_id = p_order_item_id;
  END IF;

  -- Calculate and update subtotal
  v_new_subtotal := (v_quantity * v_price_paid) + (v_quantity * v_new_modifier_total);

  UPDATE public.order_items
  SET 
    subtotal = v_new_subtotal,
    updated_at = NOW()
  WHERE id = p_order_item_id;

  -- Return result
  SELECT json_build_object(
    'success', true,
    'order_item_id', p_order_item_id,
    'order_id', v_order_id,
    'modifiers_count', jsonb_array_length(COALESCE(p_modifiers, '[]'::jsonb)),
    'modifier_total', v_new_modifier_total,
    'new_subtotal', v_new_subtotal
  ) INTO v_result;

  RETURN v_result;
END;
$function$
"
public,reset_category_item_to_level,"CREATE OR REPLACE FUNCTION public.reset_category_item_to_level(p_menu_item_id uuid, p_category_id uuid DEFAULT NULL::uuid, p_menu_id uuid DEFAULT NULL::uuid, p_location_id uuid DEFAULT NULL::uuid, p_target_level integer DEFAULT 1)
 RETURNS json
 LANGUAGE plpgsql
 SECURITY DEFINER
AS $function$
DECLARE
    v_deleted_levels TEXT[] := '{}';
BEGIN
    -- Reset Level 5 (location + menu + category)
    IF p_target_level < 5 AND p_location_id IS NOT NULL AND p_menu_id IS NOT NULL THEN
        DELETE FROM location_menu_item_overrides
        WHERE location_id = p_location_id 
          AND menu_id = p_menu_id 
          AND menu_item_id = p_menu_item_id
          AND (p_category_id IS NULL OR category_id = p_category_id);
        
        IF FOUND THEN
            v_deleted_levels := array_append(v_deleted_levels, 'level_5_location_menu');
        END IF;
    END IF;
    
    -- Reset Level 4 (location + category)
    IF p_target_level < 4 AND p_location_id IS NOT NULL AND p_category_id IS NOT NULL THEN
        DELETE FROM location_category_item_overrides
        WHERE location_id = p_location_id 
          AND category_id = p_category_id 
          AND menu_item_id = p_menu_item_id;
        
        IF FOUND THEN
            v_deleted_levels := array_append(v_deleted_levels, 'level_4_location_category');
        END IF;
    END IF;
    
    -- Reset Level 3 (category price) - only if merchant admin
    IF p_target_level < 3 AND p_location_id IS NULL AND p_category_id IS NOT NULL THEN
        UPDATE category_items
        SET custom_price = NULL, custom_cash_price = NULL, updated_at = NOW()
        WHERE category_id = p_category_id AND menu_item_id = p_menu_item_id;
        
        IF FOUND THEN
            v_deleted_levels := array_append(v_deleted_levels, 'level_3_category');
        END IF;
    END IF;
    
    -- Reset Level 2 (location item)
    IF p_target_level < 2 AND p_location_id IS NOT NULL THEN
        DELETE FROM location_item_overrides
        WHERE location_id = p_location_id AND menu_item_id = p_menu_item_id;
        
        IF FOUND THEN
            v_deleted_levels := array_append(v_deleted_levels, 'level_2_location_item');
        END IF;
    END IF;
    
    RETURN json_build_object(
        'success', true,
        'target_level', p_target_level,
        'deleted_overrides', v_deleted_levels
    );
END;
$function$
"
public,reset_item_to_level,"CREATE OR REPLACE FUNCTION public.reset_item_to_level(p_menu_item_id uuid, p_menu_id uuid DEFAULT NULL::uuid, p_location_id uuid DEFAULT NULL::uuid, p_target_level integer DEFAULT 1)
 RETURNS json
 LANGUAGE plpgsql
 SECURITY DEFINER
AS $function$
DECLARE
    v_deleted_levels TEXT[] := '{}';
BEGIN
    -- Reset Level 4 (location + menu override)
    IF p_target_level < 4 AND p_location_id IS NOT NULL AND p_menu_id IS NOT NULL THEN
        DELETE FROM location_menu_item_overrides
        WHERE location_id = p_location_id 
          AND menu_id = p_menu_id 
          AND menu_item_id = p_menu_item_id;
        
        IF FOUND THEN
            v_deleted_levels := array_append(v_deleted_levels, 'level_4_location_menu');
        END IF;
    END IF;
    
    -- Reset Level 3 (menu override) - only if merchant admin
    IF p_target_level < 3 AND p_location_id IS NULL AND p_menu_id IS NOT NULL THEN
        UPDATE menu_item_menus
        SET custom_price = NULL, custom_cash_price = NULL, updated_at = NOW()
        WHERE menu_id = p_menu_id AND menu_item_id = p_menu_item_id;
        
        IF FOUND THEN
            v_deleted_levels := array_append(v_deleted_levels, 'level_3_menu');
        END IF;
    END IF;
    
    -- Reset Level 2 (location item override)
    IF p_target_level < 2 AND p_location_id IS NOT NULL THEN
        DELETE FROM location_item_overrides
        WHERE location_id = p_location_id AND menu_item_id = p_menu_item_id;
        
        IF FOUND THEN
            v_deleted_levels := array_append(v_deleted_levels, 'level_2_location_item');
        END IF;
    END IF;
    
    RETURN json_build_object(
        'success', true,
        'target_level', p_target_level,
        'deleted_overrides', v_deleted_levels
    );
END;
$function$
"
public,seat_from_waitlist,"CREATE OR REPLACE FUNCTION public.seat_from_waitlist(p_waitlist_id uuid, p_table_ids uuid[])
 RETURNS json
 LANGUAGE plpgsql
 SECURITY DEFINER
AS $function$
DECLARE
  v_waitlist RECORD;
  v_result JSON;
BEGIN
  -- Get waitlist info
  SELECT * INTO v_waitlist
  FROM public.waitlist
  WHERE id = p_waitlist_id
    AND merchant_id = user_merchant_id()
    AND location_id = ANY(user_location_ids())
    AND status IN ('waiting', 'notified', 'arrived');

  IF NOT FOUND THEN
    RAISE EXCEPTION 'Waitlist entry not found or not ready to seat';
  END IF;

  -- Seat the guests (reuse seat_guests function)
  SELECT public.seat_guests(
    p_table_ids := p_table_ids,
    p_party_size := v_waitlist.party_size,
    p_guest_name := v_waitlist.party_name,
    p_guest_phone := v_waitlist.phone,
    p_guest_notes := v_waitlist.notes,
    p_waitlist_id := p_waitlist_id,
    p_create_order := TRUE
  ) INTO v_result;

  RETURN v_result;
END;
$function$
"
public,seat_guests,"CREATE OR REPLACE FUNCTION public.seat_guests(p_table_ids uuid[], p_party_size integer, p_guest_name text DEFAULT NULL::text, p_guest_phone text DEFAULT NULL::text, p_guest_notes text DEFAULT NULL::text, p_reservation_id uuid DEFAULT NULL::uuid, p_waitlist_id uuid DEFAULT NULL::uuid, p_create_order boolean DEFAULT false)
 RETURNS json
 LANGUAGE plpgsql
 SECURITY DEFINER
AS $function$
DECLARE
  v_merchant_id UUID;
  v_location_id UUID;
  v_session_id UUID;
  v_order_id UUID;
  v_table_id UUID;
  v_is_first BOOLEAN := TRUE;
  v_server_staff_id UUID;
BEGIN
  -- Verify permission
  -- IF NOT has_any_permission(ARRAY['location.tables.manage', 'location.orders.manage']) THEN
  --   RAISE EXCEPTION 'Permission denied';
  -- END IF;

  -- Get merchant and location from first table
  SELECT fpo.merchant_id, fpo.location_id
  INTO v_merchant_id, v_location_id
  FROM public.floor_plan_objects fpo
  WHERE fpo.id = p_table_ids[1]
    AND fpo.merchant_id = user_merchant_id()
    AND fpo.location_id = ANY(user_location_ids());

  IF NOT FOUND THEN
    RAISE EXCEPTION 'Table not found or access denied';
  END IF;

  -- Check if any table is already occupied
  IF EXISTS (
    SELECT 1 FROM public.table_session_tables tst
    JOIN public.table_sessions ts ON ts.id = tst.session_id
    WHERE tst.table_id = ANY(p_table_ids) AND ts.is_active = TRUE
  ) THEN
    RAISE EXCEPTION 'One or more tables are already occupied';
  END IF;

  -- Get current server (staff pinned into this device)
  v_server_staff_id := user_staff_profile_id();

  -- Create session
  INSERT INTO public.table_sessions (
    merchant_id, location_id,
    party_size, guest_name, guest_phone, guest_notes,
    reservation_id, waitlist_id,
    server_staff_id, server_user_id,
    status, seated_at
  ) VALUES (
    v_merchant_id, v_location_id,
    p_party_size, p_guest_name, p_guest_phone, p_guest_notes,
    p_reservation_id, p_waitlist_id,
    v_server_staff_id, get_my_claim('sub'),
    'seated', NOW()
  )
  RETURNING id INTO v_session_id;

  -- Link tables to session
  FOREACH v_table_id IN ARRAY p_table_ids
  LOOP
    INSERT INTO public.table_session_tables (session_id, table_id, is_primary, seated_position)
    VALUES (v_session_id, v_table_id, v_is_first, 
            ARRAY_POSITION(p_table_ids, v_table_id) - 1);
    v_is_first := FALSE;
  END LOOP;

  -- Create initial event
  INSERT INTO public.table_session_events (session_id, event_type, triggered_by_staff_id, triggered_by_user_id)
  VALUES (v_session_id, 'seated', v_server_staff_id, get_my_claim('sub'));

  -- Update reservation if provided
  IF p_reservation_id IS NOT NULL THEN
    UPDATE public.reservations
    SET status = 'seated', seated_at = NOW(), seated_session_id = v_session_id
    WHERE id = p_reservation_id;
  END IF;

  -- Update waitlist if provided
  IF p_waitlist_id IS NOT NULL THEN
    UPDATE public.waitlist
    SET status = 'seated', seated_at = NOW(), seated_session_id = v_session_id,
        actual_wait_minutes = EXTRACT(EPOCH FROM (NOW() - created_at)) / 60
    WHERE id = p_waitlist_id;
  END IF;

  -- Create order if requested
  IF p_create_order THEN
    SELECT (public.create_order(
      p_merchant_id := v_merchant_id,
      p_location_id := v_location_id,
      p_order_type := 'dine_in',
      p_table_number := (SELECT name FROM public.floor_plan_objects WHERE id = p_table_ids[1]),
      p_customer_name := p_guest_name
    ))->>'order_id' INTO v_order_id;

    -- Link order to session
    UPDATE public.table_sessions
    SET order_id = v_order_id::UUID
    WHERE id = v_session_id;
  END IF;

  RETURN json_build_object(
    'success', true,
    'session_id', v_session_id,
    'order_id', v_order_id,
    'table_ids', p_table_ids,
    'party_size', p_party_size,
    'guest_name', p_guest_name
  );
END;
$function$
"
public,seat_reservation,"CREATE OR REPLACE FUNCTION public.seat_reservation(p_reservation_id uuid, p_table_ids uuid[] DEFAULT NULL::uuid[])
 RETURNS json
 LANGUAGE plpgsql
 SECURITY DEFINER
AS $function$
DECLARE
  v_reservation RECORD;
  v_table_ids UUID[];
  v_result JSON;
BEGIN
  -- Get reservation info
  SELECT * INTO v_reservation
  FROM public.reservations
  WHERE id = p_reservation_id
    AND merchant_id = user_merchant_id()
    AND location_id = ANY(user_location_ids())
    AND status IN ('pending', 'confirmed', 'reminded', 'arrived');

  IF NOT FOUND THEN
    RAISE EXCEPTION 'Reservation not found or not ready to seat';
  END IF;

  -- Use provided tables or assigned tables
  v_table_ids := COALESCE(p_table_ids, v_reservation.assigned_table_ids);

  IF v_table_ids IS NULL OR array_length(v_table_ids, 1) = 0 THEN
    RAISE EXCEPTION 'No tables specified for seating';
  END IF;

  -- Seat the guests
  SELECT public.seat_guests(
    p_table_ids := v_table_ids,
    p_party_size := v_reservation.party_size,
    p_guest_name := v_reservation.party_name,
    p_guest_phone := v_reservation.phone,
    p_guest_notes := v_reservation.notes || COALESCE(' | ' || v_reservation.special_requests, ''),
    p_reservation_id := p_reservation_id,
    p_create_order := TRUE
  ) INTO v_result;

  RETURN v_result;
END;
$function$
"
public,set_item_course,"CREATE OR REPLACE FUNCTION public.set_item_course(p_order_item_id uuid, p_course_number integer)
 RETURNS json
 LANGUAGE plpgsql
 SECURITY DEFINER
AS $function$
DECLARE
  v_order_id UUID;
  v_current_course_status TEXT;
BEGIN
  -- Get order ID and verify access
  SELECT oi.order_id INTO v_order_id
  FROM public.order_items oi
  JOIN public.orders o ON o.id = oi.order_id
  WHERE oi.id = p_order_item_id
    AND o.merchant_id = user_merchant_id()
    AND o.location_id = ANY(user_location_ids());

  IF NOT FOUND THEN
    RAISE EXCEPTION 'Order item not found';
  END IF;

  -- Check if target course is still open
  SELECT status INTO v_current_course_status
  FROM public.order_courses
  WHERE order_id = v_order_id AND course_number = p_course_number;

  -- If course exists and is fired, can't add to it
  IF v_current_course_status IS NOT NULL AND v_current_course_status != 'open' THEN
    RAISE EXCEPTION 'Course % is already fired and cannot be modified', p_course_number;
  END IF;

  -- Ensure course exists
  PERFORM public.ensure_course_exists(v_order_id, p_course_number);

  -- Update item
  UPDATE public.order_items
  SET course_number = p_course_number, updated_at = NOW()
  WHERE id = p_order_item_id;

  RETURN json_build_object(
    'success', true,
    'order_item_id', p_order_item_id,
    'course_number', p_course_number
  );
END;
$function$
"
public,set_working_course,"CREATE OR REPLACE FUNCTION public.set_working_course(p_order_id uuid, p_course_number integer)
 RETURNS json
 LANGUAGE plpgsql
 SECURITY DEFINER
AS $function$
DECLARE
  v_course_status TEXT;
BEGIN
  -- Ensure course exists and is open
  SELECT status INTO v_course_status
  FROM public.order_courses
  WHERE order_id = p_order_id AND course_number = p_course_number;

  IF v_course_status IS NOT NULL AND v_course_status != 'open' THEN
    RAISE EXCEPTION 'Cannot set working course to fired course %', p_course_number;
  END IF;

  -- Ensure course exists
  PERFORM public.ensure_course_exists(p_order_id, p_course_number);

  -- Update session
  UPDATE public.table_sessions
  SET working_course = p_course_number, updated_at = NOW()
  WHERE order_id = p_order_id AND is_active = TRUE;

  RETURN json_build_object(
    'success', true,
    'working_course', p_course_number
  );
END;
$function$
"
public,sync_table_session_status,"CREATE OR REPLACE FUNCTION public.sync_table_session_status()
 RETURNS trigger
 LANGUAGE plpgsql
AS $function$
BEGIN
  -- If the session is updated to inactive, update all associated tables
  IF (TG_OP = 'UPDATE') THEN
    UPDATE public.table_session_tables
    SET is_active = NEW.is_active
    WHERE session_id = NEW.id;
  END IF;
  RETURN NEW;
END;
$function$
"
public,sync_user_roles,"CREATE OR REPLACE FUNCTION public.sync_user_roles()
 RETURNS trigger
 LANGUAGE plpgsql
AS $function$
BEGIN
    -- Delete existing roles for this user
    DELETE FROM user_roles WHERE user_id = NEW.id;
    
    -- Insert new roles from metadata
    INSERT INTO user_roles (user_id, role_code)
    SELECT NEW.id, role_code
    FROM jsonb_array_elements_text(COALESCE(NEW.public_metadata->'roles', '[]'::jsonb)) AS role_code
    WHERE EXISTS (SELECT 1 FROM roles WHERE code = role_code);
    
    RETURN NEW;
END;
$function$
"
public,table_session_events,"CREATE OR REPLACE FUNCTION public.table_session_events()
 RETURNS trigger
 LANGUAGE plpgsql
 SECURITY DEFINER
AS $function$
begin
  perform realtime.broadcast_changes(
    'floor-plan-' || coalesce(NEW.location_id, OLD.location_id) ::text,       -- topic - the topic to which you're broadcasting where you can use the topic id to build the topic name
    TG_OP,                                             -- event - the event that triggered the function
    TG_OP,                                             -- operation - the operation that triggered the function
    TG_TABLE_NAME,                                     -- table - the table that caused the trigger
    TG_TABLE_SCHEMA,                                   -- schema - the schema of the table that caused the trigger
    NEW,                                               -- new record - the record after the change
    OLD                                                -- old record - the record before the change
  );
  return null;
end;
$function$
"
public,transfer_table_session,"CREATE OR REPLACE FUNCTION public.transfer_table_session(p_session_id uuid, p_new_table_ids uuid[], p_reason text DEFAULT NULL::text)
 RETURNS json
 LANGUAGE plpgsql
 SECURITY DEFINER
AS $function$
DECLARE
  v_old_table_ids UUID[];
  v_table_id UUID;
  v_is_first BOOLEAN := TRUE;
BEGIN
  -- Verify permission
  -- IF NOT has_any_permission(ARRAY['location.tables.manage', 'merchant.orders.manage']) THEN
  --   RAISE EXCEPTION 'Permission denied';
  -- END IF;

  -- Verify session exists and is active
  IF NOT EXISTS (
    SELECT 1 FROM public.table_sessions
    WHERE id = p_session_id
      AND is_active = TRUE
      AND merchant_id = user_merchant_id()
      AND location_id = ANY(user_location_ids())
  ) THEN
    RAISE EXCEPTION 'Session not found or not active';
  END IF;

  -- Check new tables are available
  IF EXISTS (
    SELECT 1 FROM public.table_session_tables tst
    JOIN public.table_sessions ts ON ts.id = tst.session_id
    WHERE tst.table_id = ANY(p_new_table_ids) 
      AND ts.is_active = TRUE
      AND ts.id != p_session_id
  ) THEN
    RAISE EXCEPTION 'One or more target tables are occupied';
  END IF;

  -- Get old table IDs for reference
  SELECT ARRAY_AGG(table_id) INTO v_old_table_ids
  FROM public.table_session_tables
  WHERE session_id = p_session_id;

  -- Remove old table links
  DELETE FROM public.table_session_tables
  WHERE session_id = p_session_id;

  -- Add new table links
  FOREACH v_table_id IN ARRAY p_new_table_ids
  LOOP
    INSERT INTO public.table_session_tables (session_id, table_id, is_primary, seated_position)
    VALUES (p_session_id, v_table_id, v_is_first, 
            ARRAY_POSITION(p_new_table_ids, v_table_id) - 1);
    v_is_first := FALSE;
  END LOOP;

  -- Update order table number if linked
  UPDATE public.orders o
  SET table_number = (SELECT name FROM public.floor_plan_objects WHERE id = p_new_table_ids[1])
  FROM public.table_sessions ts
  WHERE ts.id = p_session_id AND o.id = ts.order_id;

  -- Record transfer event
  INSERT INTO public.table_session_events (
    session_id, event_type, notes, event_data,
    triggered_by_staff_id, triggered_by_user_id
  ) VALUES (
    p_session_id, 'custom', p_reason,
    jsonb_build_object(
      'action', 'table_transfer',
      'from_tables', v_old_table_ids,
      'to_tables', p_new_table_ids
    ),
    user_staff_profile_id(), get_my_claim('sub')
  );

  RETURN json_build_object(
    'success', true,
    'session_id', p_session_id,
    'from_table_ids', v_old_table_ids,
    'to_table_ids', p_new_table_ids
  );
END;
$function$
"
public,unmerge_table_from_session,"CREATE OR REPLACE FUNCTION public.unmerge_table_from_session(p_session_id uuid, p_table_id uuid)
 RETURNS json
 LANGUAGE plpgsql
 SECURITY DEFINER
AS $function$
DECLARE
  v_remaining_count INTEGER;
BEGIN
  -- Verify session
  IF NOT EXISTS (
    SELECT 1 FROM public.table_sessions
    WHERE id = p_session_id AND is_active = TRUE
      AND merchant_id = user_merchant_id()
      AND location_id = ANY(user_location_ids())
  ) THEN
    RAISE EXCEPTION 'Session not found';
  END IF;

  -- Can't remove the only table
  SELECT COUNT(*) INTO v_remaining_count
  FROM public.table_session_tables
  WHERE session_id = p_session_id;

  IF v_remaining_count <= 1 THEN
    RAISE EXCEPTION 'Cannot unmerge the only table in a session';
  END IF;

  -- Remove table
  DELETE FROM public.table_session_tables
  WHERE session_id = p_session_id AND table_id = p_table_id;

  -- If primary was removed, set new primary
  IF NOT EXISTS (
    SELECT 1 FROM public.table_session_tables
    WHERE session_id = p_session_id AND is_primary = TRUE
  ) THEN
    -- Choose the row with the lowest seated_position and set it as primary.
    -- Use an UPDATE ... FROM (subselect ORDER BY ... LIMIT 1) to avoid ORDER BY/LIMIT inside UPDATE.
    UPDATE public.table_session_tables t
    SET is_primary = TRUE
    FROM (
      SELECT id
      FROM public.table_session_tables
      WHERE session_id = p_session_id
      ORDER BY seated_position
      LIMIT 1
    ) s
    WHERE t.id = s.id;
  END IF;

  RETURN json_build_object(
    'success', true,
    'session_id', p_session_id,
    'unmerged_table_id', p_table_id
  );
END;
$function$
"
public,update_floor_plan_object_position,"CREATE OR REPLACE FUNCTION public.update_floor_plan_object_position(p_object_id uuid, p_x numeric, p_y numeric, p_rotation numeric DEFAULT NULL::numeric)
 RETURNS json
 LANGUAGE plpgsql
 SECURITY DEFINER
AS $function$BEGIN
  UPDATE public.floor_plan_objects
  SET 
    x = p_x,
    y = p_y,
    rotation = COALESCE(p_rotation, rotation),
    updated_at = NOW()
  WHERE id = p_object_id
    AND merchant_id = user_merchant_id();
    -- AND location_id = ANY(user_location_ids());

  IF NOT FOUND THEN
    RAISE EXCEPTION 'Object not found or access denied';
  END IF;

  RETURN json_build_object(
    'success', true,
    'object_id', p_object_id,
    'x', p_x,
    'y', p_y,
    'rotation', p_rotation
  );
END;$function$
"
public,update_floor_plan_objects_batch,"CREATE OR REPLACE FUNCTION public.update_floor_plan_objects_batch(p_updates jsonb)
 RETURNS json
 LANGUAGE plpgsql
 SECURITY DEFINER
AS $function$DECLARE
  v_update JSONB;
  v_updated_count INTEGER := 0;
BEGIN
  FOR v_update IN SELECT * FROM jsonb_array_elements(p_updates)
  LOOP
    UPDATE public.floor_plan_objects
    SET 
      x = (v_update->>'x')::NUMERIC,
      y = (v_update->>'y')::NUMERIC,
      rotation = COALESCE((v_update->>'rotation')::NUMERIC, rotation),
      updated_at = NOW()
    WHERE id = (v_update->>'id')::UUID
      AND merchant_id = user_merchant_id();
      -- AND location_id = ANY(user_location_ids());
    RAISE LOG 'v_update %', v_update;

    IF FOUND THEN
      v_updated_count := v_updated_count + 1;
    END IF;
  END LOOP;

  RETURN json_build_object(
    'success', true,
    'updated_count', v_updated_count
  );
END;$function$
"
public,update_order_item,"CREATE OR REPLACE FUNCTION public.update_order_item(p_order_item_id uuid, p_quantity integer DEFAULT NULL::integer, p_special_instructions text DEFAULT NULL::text, p_prep_station text DEFAULT NULL::text, p_course_number integer DEFAULT NULL::integer, p_price_override numeric DEFAULT NULL::numeric)
 RETURNS json
 LANGUAGE plpgsql
 SECURITY DEFINER
AS $function$
DECLARE
  v_order_id UUID;
  v_current_quantity INTEGER;
  v_price_paid NUMERIC(10, 2);
  v_modifier_total NUMERIC(10, 2);
  v_new_subtotal NUMERIC(10, 2);
  v_result JSON;
BEGIN
  -- Get item details and verify access
  SELECT 
    oi.order_id,
    oi.quantity,
    oi.price_paid,
    COALESCE((
      SELECT SUM(oim.total_price)
      FROM public.order_item_modifiers oim
      WHERE oim.order_item_id = oi.id
    ), 0)
  INTO v_order_id, v_current_quantity, v_price_paid, v_modifier_total
  FROM public.order_items oi
  JOIN public.orders o ON o.id = oi.order_id
  WHERE oi.id = p_order_item_id
    AND oi.is_voided = FALSE
    AND o.merchant_id = user_merchant_id()
    AND o.location_id = ANY(user_location_ids())
    AND o.status NOT IN ('completed', 'cancelled', 'void');

  IF NOT FOUND THEN
    RAISE EXCEPTION 'Order item not found or cannot be modified';
  END IF;

  -- Verify permission
  -- IF NOT has_permission('location.orders.manage') THEN
  --   RAISE EXCEPTION 'Permission denied: location.orders.manage required';
  -- END IF;

  -- Handle price override (requires additional permission)
  IF p_price_override IS NOT NULL THEN
    IF NOT has_any_permission(ARRAY['location.orders.override_price', 'merchant.orders.manage']) THEN
      RAISE EXCEPTION 'Permission denied: price override requires manager permission';
    END IF;
    v_price_paid := p_price_override;
  END IF;

  -- Use provided quantity or keep current
  v_current_quantity := COALESCE(p_quantity, v_current_quantity);
  
  -- Validate quantity
  IF v_current_quantity < 1 THEN
    RAISE EXCEPTION 'Quantity must be at least 1';
  END IF;

  -- Calculate new subtotal
  v_new_subtotal := (v_current_quantity * v_price_paid) + (v_current_quantity * v_modifier_total);

  -- Update the item (only non-null fields)
  UPDATE public.order_items
  SET 
    quantity = v_current_quantity,
    price_paid = v_price_paid,
    subtotal = v_new_subtotal,
    special_instructions = COALESCE(p_special_instructions, special_instructions),
    prep_station = COALESCE(p_prep_station, prep_station),
    course_number = COALESCE(p_course_number, course_number),
    updated_at = NOW()
  WHERE id = p_order_item_id;

  -- Return result
  SELECT json_build_object(
    'success', true,
    'order_item_id', p_order_item_id,
    'order_id', v_order_id,
    'quantity', v_current_quantity,
    'price_paid', v_price_paid,
    'modifier_total', v_modifier_total,
    'new_subtotal', v_new_subtotal,
    'special_instructions', p_special_instructions,
    'prep_station', p_prep_station,
    'course_number', p_course_number
  ) INTO v_result;

  RETURN v_result;
END;
$function$
"
public,update_order_item_quantity,"CREATE OR REPLACE FUNCTION public.update_order_item_quantity(p_order_item_id uuid, p_quantity integer)
 RETURNS json
 LANGUAGE plpgsql
 SECURITY DEFINER
AS $function$
DECLARE
  v_order_id UUID;
  v_price_paid NUMERIC(10, 2);
  v_modifier_total NUMERIC(10, 2);
  v_new_subtotal NUMERIC(10, 2);
  v_result JSON;
BEGIN
  -- Validate quantity
  IF p_quantity < 1 THEN
    RAISE EXCEPTION 'Quantity must be at least 1. Use void_order_item() to remove items.';
  END IF;

  -- Get item details and verify access
  SELECT 
    oi.order_id,
    oi.price_paid,
    COALESCE((
      SELECT SUM(oim.total_price)
      FROM public.order_item_modifiers oim
      WHERE oim.order_item_id = oi.id
    ), 0)
  INTO v_order_id, v_price_paid, v_modifier_total
  FROM public.order_items oi
  JOIN public.orders o ON o.id = oi.order_id
  WHERE oi.id = p_order_item_id
    AND oi.is_voided = FALSE
    AND o.merchant_id = user_merchant_id()
    AND o.location_id = ANY(user_location_ids())
    AND o.status NOT IN ('completed', 'cancelled', 'void');

  IF NOT FOUND THEN
    RAISE EXCEPTION 'Order item not found or cannot be modified';
  END IF;

  -- Verify permission
  -- IF NOT has_permission('location.orders.manage') THEN
  --   RAISE EXCEPTION 'Permission denied: location.orders.manage required';
  -- END IF;

  -- Calculate new subtotal
  v_new_subtotal := (p_quantity * v_price_paid) + (p_quantity * v_modifier_total);

  -- Update the item
  UPDATE public.order_items
  SET 
    quantity = p_quantity,
    subtotal = v_new_subtotal,
    updated_at = NOW()
  WHERE id = p_order_item_id;

  -- Return result
  SELECT json_build_object(
    'success', true,
    'order_item_id', p_order_item_id,
    'order_id', v_order_id,
    'quantity', p_quantity,
    'price_paid', v_price_paid,
    'modifier_total', v_modifier_total,
    'new_subtotal', v_new_subtotal
  ) INTO v_result;

  RETURN v_result;
END;
$function$
"
public,update_order_status,"CREATE OR REPLACE FUNCTION public.update_order_status(p_order_id uuid, p_new_status order_status, p_reason text DEFAULT NULL::text, p_notes text DEFAULT NULL::text)
 RETURNS json
 LANGUAGE plpgsql
 SECURITY DEFINER
AS $function$
DECLARE
  v_current_status order_status;
  v_result JSON;
BEGIN
  -- Verify user has access and get current status
  SELECT status INTO v_current_status
  FROM public.orders
  WHERE id = p_order_id
    AND merchant_id = user_merchant_id()
    AND location_id = ANY(user_location_ids());
  
  IF NOT FOUND THEN
    RAISE EXCEPTION 'Order not found or access denied';
  END IF;
  
  -- Verify user has permission
  -- IF NOT auth.has_any_permission(ARRAY['location.orders.manage', 'merchant.orders.manage']) THEN
  --   RAISE EXCEPTION 'Permission denied: location.orders.manage or merchant.orders.manage required';
  -- END IF;
  
  -- Validate status transition
  IF v_current_status = p_new_status THEN
    RAISE EXCEPTION 'Order is already in % status', p_new_status;
  END IF;
  
  -- Update order status (trigger will record history)
  UPDATE public.orders
  SET 
    status = p_new_status,
    updated_at = NOW()
  WHERE id = p_order_id;
  
  -- Add notes to history if provided
  IF p_reason IS NOT NULL OR p_notes IS NOT NULL THEN
    UPDATE public.order_status_history
    SET 
      reason = p_reason,
      notes = p_notes
    WHERE order_id = p_order_id
      AND to_status = p_new_status
      AND changed_at = (
        SELECT MAX(changed_at)
        FROM public.order_status_history
        WHERE order_id = p_order_id
      );
  END IF;
  
  -- Return result
  SELECT json_build_object(
    'success', true,
    'order_id', p_order_id,
    'previous_status', v_current_status,
    'new_status', p_new_status,
    'updated_at', NOW()
  ) INTO v_result;
  
  RETURN v_result;
END;
$function$
"
public,update_reservation_status,"CREATE OR REPLACE FUNCTION public.update_reservation_status(p_reservation_id uuid, p_status reservation_status, p_cancellation_reason text DEFAULT NULL::text)
 RETURNS json
 LANGUAGE plpgsql
 SECURITY DEFINER
AS $function$
DECLARE
  v_old_status reservation_status;
BEGIN
  -- Get current status
  SELECT status INTO v_old_status
  FROM public.reservations
  WHERE id = p_reservation_id
    AND merchant_id = user_merchant_id()
    AND location_id = ANY(user_location_ids());

  IF NOT FOUND THEN
    RAISE EXCEPTION 'Reservation not found';
  END IF;

  -- Update status
  UPDATE public.reservations
  SET 
    status = p_status,
    arrived_at = CASE WHEN p_status = 'arrived' THEN NOW() ELSE arrived_at END,
    no_show_marked_at = CASE WHEN p_status = 'no_show' THEN NOW() ELSE no_show_marked_at END,
    cancelled_at = CASE WHEN p_status = 'cancelled' THEN NOW() ELSE cancelled_at END,
    cancellation_reason = COALESCE(p_cancellation_reason, cancellation_reason),
    updated_at = NOW()
  WHERE id = p_reservation_id;

  RETURN json_build_object(
    'success', true,
    'reservation_id', p_reservation_id,
    'previous_status', v_old_status,
    'new_status', p_status
  );
END;
$function$
"
public,update_session_from_event,"CREATE OR REPLACE FUNCTION public.update_session_from_event()
 RETURNS trigger
 LANGUAGE plpgsql
AS $function$
BEGIN
  UPDATE public.table_sessions
  SET 
    first_order_at = CASE 
      WHEN NEW.event_type = 'order_placed' AND first_order_at IS NULL 
      THEN NEW.occurred_at 
      ELSE first_order_at 
    END,
    food_served_at = CASE 
      WHEN NEW.event_type IN ('mains_served', 'appetizers_served') AND food_served_at IS NULL 
      THEN NEW.occurred_at 
      ELSE food_served_at 
    END,
    check_presented_at = CASE 
      WHEN NEW.event_type = 'check_presented' 
      THEN NEW.occurred_at 
      ELSE check_presented_at 
    END,
    paid_at = CASE 
      WHEN NEW.event_type = 'payment_complete' 
      THEN NEW.occurred_at 
      ELSE paid_at 
    END,
    cleared_at = CASE 
      WHEN NEW.event_type = 'table_cleared' 
      THEN NEW.occurred_at 
      ELSE cleared_at 
    END,
    status = CASE
      WHEN NEW.event_type = 'order_placed' THEN 'ordered'::table_status
      WHEN NEW.event_type IN ('mains_served', 'appetizers_served', 'desserts_served') THEN 'served'::table_status
      WHEN NEW.event_type = 'check_presented' THEN 'check_presented'::table_status
      WHEN NEW.event_type = 'payment_complete' THEN 'paid'::table_status
      WHEN NEW.event_type = 'table_cleared' THEN 'cleaning'::table_status
      WHEN NEW.event_type = 'table_cleaned' THEN 'available'::table_status
      ELSE status
    END,
    updated_at = NOW()
  WHERE id = NEW.session_id;
  
  RETURN NEW;
END;
$function$
"
public,update_table_session_status,"CREATE OR REPLACE FUNCTION public.update_table_session_status(p_session_id uuid, p_status table_status, p_notes text DEFAULT NULL::text)
 RETURNS json
 LANGUAGE plpgsql
 SECURITY DEFINER
AS $function$DECLARE
  v_old_status table_status;
  v_event_type session_event_type;
BEGIN
  -- Get current status
  SELECT status INTO v_old_status
  FROM public.table_sessions
  WHERE id = p_session_id
    AND merchant_id = user_merchant_id()
    AND location_id = ANY(user_location_ids());

  IF NOT FOUND THEN
    RAISE EXCEPTION 'Session not found';
  END IF;

  -- Map status to event type
  v_event_type := CASE p_status
    WHEN 'ordered' THEN 'order_placed'::session_event_type
    WHEN 'served' THEN 'mains_served'::session_event_type
    WHEN 'check_presented' THEN 'check_presented'::session_event_type
    WHEN 'paid' THEN 'payment_complete'::session_event_type
    WHEN 'cleaning' THEN 'table_cleared'::session_event_type
    WHEN 'available' THEN 'table_cleaned'::session_event_type
    ELSE 'custom'::session_event_type
  END;

  -- Record event (this triggers status update via trigger)
  INSERT INTO public.table_session_events (
    session_id, event_type, notes,
    triggered_by_staff_id, triggered_by_user_id
  ) VALUES (
    p_session_id, v_event_type, p_notes,
    user_staff_profile_id(), get_my_claim('sub')
  );

  -- If closing session
  IF p_status IN ('available') THEN
    UPDATE public.table_sessions
    SET 
      is_active = FALSE,
      actual_duration = EXTRACT(EPOCH FROM (NOW() - seated_at)) / 60,
      closed_by = user_staff_profile_id(),
      closed_at = NOW()
    WHERE id = p_session_id;
  END IF;

  RETURN json_build_object(
    'success', true,
    'session_id', p_session_id,
    'previous_status', v_old_status,
    'new_status', p_status
  );
END;$function$
"
public,update_updated_at_column,"CREATE OR REPLACE FUNCTION public.update_updated_at_column()
 RETURNS trigger
 LANGUAGE plpgsql
AS $function$
BEGIN
  NEW.updated_at = NOW();
  RETURN NEW;
END;
$function$
"
public,update_waitlist_positions,"CREATE OR REPLACE FUNCTION public.update_waitlist_positions()
 RETURNS trigger
 LANGUAGE plpgsql
AS $function$
BEGIN
  -- Recalculate positions for this location
  WITH ranked AS (
    SELECT id, ROW_NUMBER() OVER (ORDER BY created_at) as new_position
    FROM public.waitlist
    WHERE location_id = COALESCE(NEW.location_id, OLD.location_id)
      AND status = 'waiting'
  )
  UPDATE public.waitlist w
  SET position_in_queue = ranked.new_position
  FROM ranked
  WHERE w.id = ranked.id;
  
  RETURN COALESCE(NEW, OLD);
END;
$function$
"
public,update_waitlist_status,"CREATE OR REPLACE FUNCTION public.update_waitlist_status(p_waitlist_id uuid, p_status waitlist_status, p_notes text DEFAULT NULL::text)
 RETURNS json
 LANGUAGE plpgsql
 SECURITY DEFINER
AS $function$
DECLARE
  v_old_status waitlist_status;
BEGIN
  -- Get current status
  SELECT status INTO v_old_status
  FROM public.waitlist
  WHERE id = p_waitlist_id
    AND merchant_id = user_merchant_id()
    AND location_id = ANY(user_location_ids());

  IF NOT FOUND THEN
    RAISE EXCEPTION 'Waitlist entry not found';
  END IF;

  -- Update status
  UPDATE public.waitlist
  SET 
    status = p_status,
    arrived_at = CASE WHEN p_status = 'arrived' THEN NOW() ELSE arrived_at END,
    cancelled_at = CASE WHEN p_status = 'cancelled' THEN NOW() ELSE cancelled_at END,
    expired_at = CASE WHEN p_status = 'expired' THEN NOW() ELSE expired_at END,
    notes = COALESCE(p_notes, notes)
  WHERE id = p_waitlist_id;

  RETURN json_build_object(
    'success', true,
    'waitlist_id', p_waitlist_id,
    'previous_status', v_old_status,
    'new_status', p_status
  );
END;
$function$
"
public,upsert_category_item_override,"CREATE OR REPLACE FUNCTION public.upsert_category_item_override(p_menu_item_id uuid, p_category_id uuid DEFAULT NULL::uuid, p_menu_id uuid DEFAULT NULL::uuid, p_location_id uuid DEFAULT NULL::uuid, p_custom_price numeric DEFAULT NULL::numeric, p_custom_cash_price numeric DEFAULT NULL::numeric, p_is_available boolean DEFAULT NULL::boolean, p_price_modifier numeric DEFAULT NULL::numeric, p_price_modifier_type text DEFAULT NULL::text, p_display_order integer DEFAULT NULL::integer, p_is_featured boolean DEFAULT NULL::boolean, p_stock_tracking_mode text DEFAULT NULL::text, p_current_stock integer DEFAULT NULL::integer)
 RETURNS json
 LANGUAGE plpgsql
 SECURITY DEFINER
AS $function$DECLARE
    v_update_level INTEGER;
    v_update_table TEXT;
    v_is_empty BOOLEAN;
    v_menu_location_id UUID;
BEGIN
    -- ========================================================================
    -- SCENARIO A: No category context (Items Library - base item only)
    -- ========================================================================
    IF p_category_id IS NULL THEN
        
        IF p_location_id IS NULL THEN
            -- Level 1: Update base item
            v_update_level := 1;
            v_update_table := 'menu_items';
            
            UPDATE menu_items
            SET 
                price = COALESCE(p_custom_price, price),
                cash_price = COALESCE(p_custom_cash_price, cash_price),
                availability = COALESCE(p_is_available, availability),
                stock_tracking_mode = COALESCE(p_stock_tracking_mode, stock_tracking_mode),
                updated_at = NOW()
            WHERE id = p_menu_item_id;
            
        ELSE
            -- Level 2: Location item override
            v_update_level := 2;
            v_update_table := 'location_item_overrides';
            
            v_is_empty := (
                p_custom_price IS NULL AND 
                p_custom_cash_price IS NULL AND 
                p_price_modifier IS NULL AND
                (p_is_available IS NULL OR p_is_available = true) AND
                p_stock_tracking_mode IS NULL AND
                p_current_stock IS NULL
            );
            
            IF v_is_empty THEN
                DELETE FROM location_item_overrides
                WHERE location_id = p_location_id AND menu_item_id = p_menu_item_id;
                
                RETURN json_build_object(
                    'success', true,
                    'action', 'deleted',
                    'level', v_update_level,
                    'table', v_update_table
                );
            ELSE
                INSERT INTO location_item_overrides (
                    location_id, menu_item_id,
                    custom_price, custom_cash_price,
                    price_modifier, price_modifier_type,
                    is_available, stock_tracking_mode, current_stock,
                    created_at, updated_at
                ) VALUES (
                    p_location_id, p_menu_item_id,
                    p_custom_price, p_custom_cash_price,
                    p_price_modifier, p_price_modifier_type,
                    p_is_available, p_stock_tracking_mode, p_current_stock,
                    NOW(), NOW()
                )
                ON CONFLICT (location_id, menu_item_id) 
                DO UPDATE SET
                    custom_price = COALESCE(EXCLUDED.custom_price, location_item_overrides.custom_price),
                    custom_cash_price = COALESCE(EXCLUDED.custom_cash_price, location_item_overrides.custom_cash_price),
                    price_modifier = COALESCE(EXCLUDED.price_modifier, location_item_overrides.price_modifier),
                    price_modifier_type = COALESCE(EXCLUDED.price_modifier_type, location_item_overrides.price_modifier_type),
                    is_available = COALESCE(EXCLUDED.is_available, location_item_overrides.is_available),
                    stock_tracking_mode = COALESCE(EXCLUDED.stock_tracking_mode, location_item_overrides.stock_tracking_mode),
                    current_stock = COALESCE(EXCLUDED.current_stock, location_item_overrides.current_stock),
                    updated_at = NOW();
            END IF;
        END IF;
        
    -- ========================================================================
    -- SCENARIO B: Category context
    -- ========================================================================
    ELSE
        
        IF p_location_id IS NULL AND p_menu_id IS NULL THEN
            -- Level 3: Category item price (global)
            v_update_level := 3;
            v_update_table := 'category_items';
            
            UPDATE category_items
            SET 
                custom_price = p_custom_price,
                custom_cash_price = p_custom_cash_price,
                is_available = COALESCE(p_is_available, is_available),
                display_order = COALESCE(p_display_order, display_order),
                is_featured = COALESCE(p_is_featured, is_featured),
                updated_at = NOW()
            WHERE category_id = p_category_id AND menu_item_id = p_menu_item_id;
            
        ELSIF p_location_id IS NOT NULL AND p_menu_id IS NULL THEN
            -- Level 4: Location + Category override
            v_update_level := 4;
            v_update_table := 'location_category_item_overrides';
            
            v_is_empty := (
                p_custom_price IS NULL AND 
                p_custom_cash_price IS NULL AND 
                (p_is_available IS NULL OR p_is_available = true) AND
                p_display_order IS NULL AND
                p_is_featured IS NULL
            );
            
            IF v_is_empty THEN
                DELETE FROM location_category_item_overrides
                WHERE location_id = p_location_id 
                  AND category_id = p_category_id 
                  AND menu_item_id = p_menu_item_id;
                  
                RETURN json_build_object(
                    'success', true,
                    'action', 'deleted',
                    'level', v_update_level,
                    'table', v_update_table
                );
            ELSE
                INSERT INTO location_category_item_overrides (
                    location_id, category_id, menu_item_id,
                    custom_price, custom_cash_price, is_available,
                    display_order, is_featured,
                    created_at, updated_at
                ) VALUES (
                    p_location_id, p_category_id, p_menu_item_id,
                    p_custom_price, p_custom_cash_price, p_is_available,
                    p_display_order, p_is_featured,
                    NOW(), NOW()
                )
                ON CONFLICT (location_id, category_id, menu_item_id) 
                DO UPDATE SET
                    custom_price = EXCLUDED.custom_price,
                    custom_cash_price = EXCLUDED.custom_cash_price,
                    is_available = EXCLUDED.is_available,
                    display_order = EXCLUDED.display_order,
                    is_featured = EXCLUDED.is_featured,
                    updated_at = NOW();
            END IF;
            
        ELSIF p_location_id IS NOT NULL AND p_menu_id IS NOT NULL THEN
            -- Level 5: Location + Menu + Category override
            v_update_level := 5;
            v_update_table := 'location_menu_item_overrides';
            
            -- Check if this is a location-owned menu
            SELECT location_id INTO v_menu_location_id FROM menus WHERE id = p_menu_id;
            
            IF v_menu_location_id IS NOT NULL THEN
                -- Location's own menu - they have full control
                RETURN json_build_object(
                    'success', false,
                    'error', 'Use category_items for location-owned menus'
                );
            END IF;
            
            v_is_empty := (
                p_custom_price IS NULL AND 
                p_custom_cash_price IS NULL AND 
                (p_is_available IS NULL OR p_is_available = true)
            );
            
            IF v_is_empty THEN
                DELETE FROM location_menu_item_overrides
                WHERE location_id = p_location_id 
                  AND menu_id = p_menu_id 
                  AND category_id = p_category_id
                  AND menu_item_id = p_menu_item_id;
                  
                RETURN json_build_object(
                    'success', true,
                    'action', 'deleted',
                    'level', v_update_level,
                    'table', v_update_table
                );
            ELSE
                INSERT INTO location_menu_item_overrides (
                    location_id, menu_id, category_id, menu_item_id,
                    custom_price, custom_cash_price, is_available,
                    created_at, updated_at
                ) VALUES (
                    p_location_id, p_menu_id, p_category_id, p_menu_item_id,
                    p_custom_price, p_custom_cash_price, COALESCE(p_is_available, true),
                    NOW(), NOW()
                )
                ON CONFLICT (location_id, menu_id, category_id, menu_item_id) 
                DO UPDATE SET
                    custom_price = EXCLUDED.custom_price,
                    custom_cash_price = EXCLUDED.custom_cash_price,
                    is_available = EXCLUDED.is_available,
                    updated_at = NOW();
            END IF;
        END IF;
    END IF;

    RETURN json_build_object(
        'success', true,
        'action', 'upserted',
        'level', v_update_level,
        'table', v_update_table,
        'menu_item_id', p_menu_item_id,
        'category_id', p_category_id,
        'menu_id', p_menu_id,
        'location_id', p_location_id
    );
END;$function$
"
public,upsert_item_override,"CREATE OR REPLACE FUNCTION public.upsert_item_override(p_menu_item_id uuid, p_menu_id uuid DEFAULT NULL::uuid, p_location_id uuid DEFAULT NULL::uuid, p_custom_price numeric DEFAULT NULL::numeric, p_custom_cash_price numeric DEFAULT NULL::numeric, p_is_available boolean DEFAULT NULL::boolean, p_price_modifier numeric DEFAULT NULL::numeric, p_price_modifier_type text DEFAULT NULL::text, p_stock_tracking_mode text DEFAULT NULL::text, p_current_stock integer DEFAULT NULL::integer)
 RETURNS json
 LANGUAGE plpgsql
 SECURITY DEFINER
AS $function$
DECLARE
    v_menu_location_id UUID;
    v_menu_is_global BOOLEAN;
    v_update_level INTEGER;
    v_update_table TEXT;
    v_is_empty BOOLEAN;
BEGIN
    -- ========================================================================
    -- SCENARIO A: No menu context (Items Library view)
    -- ========================================================================
    IF p_menu_id IS NULL THEN
        
        IF p_location_id IS NULL THEN
            -- ────────────────────────────────────────────────────────────────
            -- LEVEL 1: Merchant admin editing global item base
            -- ────────────────────────────────────────────────────────────────
            v_update_level := 1;
            v_update_table := 'menu_items';
            
            UPDATE menu_items
            SET 
                price = COALESCE(p_custom_price, price),
                cash_price = COALESCE(p_custom_cash_price, cash_price),
                availability = COALESCE(p_is_available, availability),
                stock_tracking_mode = COALESCE(p_stock_tracking_mode, stock_tracking_mode),
                updated_at = NOW()
            WHERE id = p_menu_item_id;
            
        ELSE
            -- ────────────────────────────────────────────────────────────────
            -- LEVEL 2: Location manager editing location item base
            -- (This is what your screenshot shows!)
            -- ────────────────────────────────────────────────────────────────
            v_update_level := 2;
            v_update_table := 'location_item_overrides';
            
            -- Check if all values would be empty/default
            v_is_empty := (
                p_custom_price IS NULL AND 
                p_custom_cash_price IS NULL AND 
                p_price_modifier IS NULL AND
                (p_is_available IS NULL OR p_is_available = true) AND
                p_stock_tracking_mode IS NULL AND
                p_current_stock IS NULL
            );
            
            IF v_is_empty THEN
                -- Delete override (reset to global base)
                DELETE FROM location_item_overrides
                WHERE location_id = p_location_id AND menu_item_id = p_menu_item_id;
                
                RETURN json_build_object(
                    'success', true,
                    'action', 'deleted',
                    'level', v_update_level,
                    'table', v_update_table,
                    'message', 'Location override removed - using global base price'
                );
            ELSE
                -- Upsert the location item override
                INSERT INTO location_item_overrides (
                    location_id, menu_item_id,
                    custom_price, custom_cash_price,
                    price_modifier, price_modifier_type,
                    is_available, stock_tracking_mode,
                    current_stock, low_stock_threshold,
                    created_at, updated_at
                ) VALUES (
                    p_location_id, p_menu_item_id,
                    p_custom_price, p_custom_cash_price,
                    p_price_modifier, p_price_modifier_type,
                    p_is_available, p_stock_tracking_mode,
                    p_current_stock, NULL,
                    NOW(), NOW()
                )
                ON CONFLICT (location_id, menu_item_id) 
                DO UPDATE SET
                    custom_price = COALESCE(EXCLUDED.custom_price, location_item_overrides.custom_price),
                    custom_cash_price = COALESCE(EXCLUDED.custom_cash_price, location_item_overrides.custom_cash_price),
                    price_modifier = COALESCE(EXCLUDED.price_modifier, location_item_overrides.price_modifier),
                    price_modifier_type = COALESCE(EXCLUDED.price_modifier_type, location_item_overrides.price_modifier_type),
                    is_available = COALESCE(EXCLUDED.is_available, location_item_overrides.is_available),
                    stock_tracking_mode = COALESCE(EXCLUDED.stock_tracking_mode, location_item_overrides.stock_tracking_mode),
                    current_stock = COALESCE(EXCLUDED.current_stock, location_item_overrides.current_stock),
                    updated_at = NOW();
            END IF;
        END IF;
        
    -- ========================================================================
    -- SCENARIO B: Menu context (viewing/editing within a menu)
    -- ========================================================================
    ELSE
        -- Get menu info
        SELECT location_id, (location_id IS NULL)
        INTO v_menu_location_id, v_menu_is_global
        FROM menus WHERE id = p_menu_id;
        
        IF p_location_id IS NULL THEN
            -- ────────────────────────────────────────────────────────────────
            -- LEVEL 3: Merchant admin editing global menu price
            -- ────────────────────────────────────────────────────────────────
            v_update_level := 3;
            v_update_table := 'menu_item_menus';
            
            UPDATE menu_item_menus
            SET 
                custom_price = p_custom_price,
                custom_cash_price = p_custom_cash_price,
                is_available = COALESCE(p_is_available, is_available),
                updated_at = NOW()
            WHERE menu_id = p_menu_id AND menu_item_id = p_menu_item_id;
            
        ELSIF NOT v_menu_is_global THEN
            -- ────────────────────────────────────────────────────────────────
            -- LEVEL 5: Location's own menu
            -- ────────────────────────────────────────────────────────────────
            v_update_level := 5;
            v_update_table := 'menu_item_menus';
            
            -- Verify ownership
            IF v_menu_location_id != p_location_id THEN
                RETURN json_build_object(
                    'success', false,
                    'error', 'Menu does not belong to this location'
                );
            END IF;
            
            UPDATE menu_item_menus
            SET 
                custom_price = p_custom_price,
                custom_cash_price = p_custom_cash_price,
                is_available = COALESCE(p_is_available, is_available),
                updated_at = NOW()
            WHERE menu_id = p_menu_id AND menu_item_id = p_menu_item_id;
            
        ELSE
            -- ────────────────────────────────────────────────────────────────
            -- LEVEL 4: Location + Global Menu override
            -- ────────────────────────────────────────────────────────────────
            v_update_level := 4;
            v_update_table := 'location_menu_item_overrides';
            
            v_is_empty := (
                p_custom_price IS NULL AND 
                p_custom_cash_price IS NULL AND 
                (p_is_available IS NULL OR p_is_available = true)
            );
            
            IF v_is_empty THEN
                DELETE FROM location_menu_item_overrides
                WHERE location_id = p_location_id 
                  AND menu_id = p_menu_id 
                  AND menu_item_id = p_menu_item_id;
                  
                RETURN json_build_object(
                    'success', true,
                    'action', 'deleted',
                    'level', v_update_level,
                    'table', v_update_table,
                    'message', 'Override removed - using menu/location base price'
                );
            ELSE
                INSERT INTO location_menu_item_overrides (
                    location_id, menu_id, menu_item_id,
                    custom_price, custom_cash_price, is_available,
                    created_at, updated_at
                ) VALUES (
                    p_location_id, p_menu_id, p_menu_item_id,
                    p_custom_price, p_custom_cash_price, COALESCE(p_is_available, true),
                    NOW(), NOW()
                )
                ON CONFLICT (location_id, menu_id, menu_item_id) 
                DO UPDATE SET
                    custom_price = EXCLUDED.custom_price,
                    custom_cash_price = EXCLUDED.custom_cash_price,
                    is_available = EXCLUDED.is_available,
                    updated_at = NOW();
            END IF;
        END IF;
    END IF;

    -- Return result
    RETURN json_build_object(
        'success', true,
        'action', 'upserted',
        'level', v_update_level,
        'table', v_update_table,
        'menu_item_id', p_menu_item_id,
        'menu_id', p_menu_id,
        'location_id', p_location_id
    );
END;
$function$
"
public,upsert_modifier_override,"CREATE OR REPLACE FUNCTION public.upsert_modifier_override(p_location_id uuid, p_modifier_item_id uuid, p_price_modifier numeric DEFAULT NULL::numeric, p_is_active boolean DEFAULT NULL::boolean, p_stock_tracking_mode text DEFAULT NULL::text, p_current_stock integer DEFAULT NULL::integer)
 RETURNS json
 LANGUAGE plpgsql
 SECURITY DEFINER
AS $function$
DECLARE
    v_merchant_id UUID;
BEGIN
    -- 1. Get Merchant ID from the modifier item to ensure safety
    SELECT merchant_id INTO v_merchant_id
    FROM modifier_group_items WHERE id = p_modifier_item_id;

    -- 2. Upsert
    INSERT INTO location_modifier_item_overrides (
        location_id, modifier_group_item_id, merchant_id,
        price_modifier, is_active, 
        stock_tracking_mode, current_stock,
        updated_at
    ) VALUES (
        p_location_id, p_modifier_item_id, v_merchant_id,
        p_price_modifier, p_is_active,
        p_stock_tracking_mode, p_current_stock,
        NOW()
    )
    ON CONFLICT (location_id, modifier_group_item_id)
    DO UPDATE SET
        price_modifier = COALESCE(EXCLUDED.price_modifier, location_modifier_item_overrides.price_modifier),
        is_active = COALESCE(EXCLUDED.is_active, location_modifier_item_overrides.is_active),
        stock_tracking_mode = COALESCE(EXCLUDED.stock_tracking_mode, location_modifier_item_overrides.stock_tracking_mode),
        current_stock = COALESCE(EXCLUDED.current_stock, location_modifier_item_overrides.current_stock),
        updated_at = NOW();

    RETURN json_build_object('success', true);
END;
$function$
"
public,user_has_location_permission,"CREATE OR REPLACE FUNCTION public.user_has_location_permission(p_location_id uuid, p_permission_code text)
 RETURNS boolean
 LANGUAGE plpgsql
 STABLE SECURITY DEFINER
AS $function$
DECLARE
    v_user_id TEXT;
    v_merchant_id UUID;
    v_role_code TEXT;
BEGIN
    v_user_id := current_user_id();
    
    -- Fast path: check location membership first (most common case)
    SELECT lm.role_code, l.merchant_id 
    INTO v_role_code, v_merchant_id
    FROM location_members lm
    JOIN locations l ON l.id = lm.location_id
    WHERE lm.user_id = v_user_id
      AND lm.location_id = p_location_id
      AND lm.is_active = true;
    
    -- If user is a location member, check their role's permissions
    IF v_role_code IS NOT NULL THEN
        RETURN EXISTS (
            SELECT 1 FROM role_permissions
            WHERE role_code = v_role_code
              AND permission_code = p_permission_code
        );
    END IF;
    
    -- Fallback: get merchant_id and check if user is merchant admin
    IF v_merchant_id IS NULL THEN
        SELECT merchant_id INTO v_merchant_id 
        FROM locations WHERE id = p_location_id;
    END IF;
    
    -- Check if merchant admin (they have all location permissions)
    IF is_merchant_admin(v_merchant_id) THEN
        RETURN true;
    END IF;
    
    RETURN false;
END;
$function$
"
public,user_location_ids,"CREATE OR REPLACE FUNCTION public.user_location_ids()
 RETURNS uuid[]
 LANGUAGE sql
 STABLE SECURITY DEFINER
AS $function$
  SELECT COALESCE(
    ARRAY_AGG(DISTINCT location_id),
    ARRAY[]::UUID[]
  )
  FROM (
    -- Get locations from location_members where user is assigned
    -- Handles both Clerk users (user_id match) and POS-only users (staff_profile_id match)
    SELECT lm.location_id
    FROM public.location_members lm
    WHERE lm.is_active = true
      AND lm.merchant_id = user_merchant_id()
      AND (
        lm.user_id = get_my_claim('sub')  -- For Clerk users
        OR lm.staff_profile_id = user_staff_profile_id()  -- For POS-only users
      )
    
    UNION
    
    -- If user has merchant-level role, include all merchant locations
    SELECT l.id as location_id
    FROM public.locations l
    WHERE l.merchant_id = user_merchant_id()
      AND EXISTS (
        SELECT 1 
        FROM public.user_roles ur
        INNER JOIN public.roles r ON r.code = ur.role_code
        WHERE ur.user_id = get_my_claim('sub')
          AND r.organization_type = 'merchant'
          AND r.level_type IN ('merchant', 'organization')
      )
  ) all_locations
  WHERE location_id IS NOT NULL;
$function$
"
public,user_merchant_id,"CREATE OR REPLACE FUNCTION public.user_merchant_id()
 RETURNS uuid
 LANGUAGE sql
 STABLE SECURITY DEFINER
AS $function$
  SELECT merchant_id 
  FROM public.staff_profiles 
  WHERE user_id = get_my_claim('sub') 
  LIMIT 1;
$function$
"
public,user_staff_profile_id,"CREATE OR REPLACE FUNCTION public.user_staff_profile_id()
 RETURNS uuid
 LANGUAGE sql
 STABLE SECURITY DEFINER
AS $function$
  SELECT id 
  FROM public.staff_profiles 
  WHERE user_id = get_my_claim('sub') 
  LIMIT 1;
$function$
"
public,void_order,"CREATE OR REPLACE FUNCTION public.void_order(p_order_id uuid, p_void_reason text DEFAULT 'Order cancelled'::text)
 RETURNS json
 LANGUAGE plpgsql
 SECURITY DEFINER
AS $function$DECLARE
  v_order RECORD;
  v_voided_items_count INTEGER;
  v_voided_payments_count INTEGER;
  v_refund_amount NUMERIC(10, 2) := 0;
  v_result JSON;
BEGIN
  -- 1. Get order details
  SELECT * INTO v_order
  FROM public.orders
  WHERE id = p_order_id
    AND merchant_id = user_merchant_id()
    AND location_id = ANY(user_location_ids());

  IF NOT FOUND THEN
    RAISE EXCEPTION 'Order not found';
  END IF;

  -- 2. Business Logic Checks
  -- We allow voiding 'pending', 'preparing', 'ready', 'served'.
  -- We only block if it's already 'void'.
  IF v_order.status = 'void' THEN
    RAISE EXCEPTION 'Order is already voided';
  END IF;

  -- Optional: Prevent voiding 'completed' (historical) orders if you prefer strict accounting
  -- IF v_order.status = 'completed' AND v_order.closed_at < (NOW() - INTERVAL '1 day') THEN
  --   RAISE EXCEPTION 'Cannot void orders closed more than 24 hours ago.';
  -- END IF;

  -- 3. Void all items
  -- This is critical for KDS: The kitchen needs to see 'is_voided' flip to TRUE
  UPDATE public.order_items
  SET 
    is_voided = TRUE,
    voided_at = NOW(),
    voided_by = user_staff_profile_id(),
    void_reason = p_void_reason,
    updated_at = NOW()
  WHERE order_id = p_order_id AND is_voided = FALSE;

  GET DIAGNOSTICS v_voided_items_count = ROW_COUNT;

  -- 4. Handle Payments (Paid vs Unpaid Logic)
  -- If the order was ""Preparing"" and ""Paid"", this calculates the refund due.
  -- If ""Preparing"" and ""Unpaid"", this returns 0.
  SELECT COALESCE(SUM(amount), 0) INTO v_refund_amount
  FROM public.order_payments
  WHERE order_id = p_order_id 
    AND status = 'captured'
    AND is_voided = FALSE;

  -- Void the payment records so they don't count towards daily sales
  UPDATE public.order_payments
  SET 
    is_voided = TRUE,
    voided_by = user_staff_profile_id(),
    void_reason = p_void_reason,
    voided_at = NOW()
  WHERE order_id = p_order_id AND is_voided = FALSE;

  GET DIAGNOSTICS v_voided_payments_count = ROW_COUNT;

  -- 5. Update Order Status
  -- Whether it was 'preparing' or 'pending', it is now 'void'.
  UPDATE public.orders
  SET 
    status = 'void',
    amount_paid = 0,
    voided_at = NOW(),
    voided_by = user_staff_profile_id(),
    void_reason = p_void_reason,
    updated_at = NOW()
  WHERE id = p_order_id;

  -- 6. Release the Table
  -- If the order was 'preparing', the table was likely 'seated'. We must free it.
  UPDATE public.table_sessions
  SET 
    is_active = FALSE,
    status = 'available',
    closed_at = NOW(),
    closed_by = user_staff_profile_id()
  WHERE order_id = p_order_id AND is_active = TRUE;

  -- 7. Record History
  INSERT INTO public.order_status_history (
    order_id, 
    from_status, 
    to_status, 
    changed_by_staff_id,
    notes
  ) VALUES (
    p_order_id,
    v_order.status,
    'void',
    user_staff_profile_id(),
    p_void_reason
  );

  -- 8. Return Result
  SELECT json_build_object(
    'success', true,
    'order_id', p_order_id,
    'previous_status', v_order.status, -- Helps frontend know if it was 'preparing'
    'refund_amount', v_refund_amount,  -- Frontend can prompt ""Refund $X to customer?""
    'void_reason', p_void_reason
  ) INTO v_result;

  RETURN v_result;
END;$function$
"
public,void_order_item,"CREATE OR REPLACE FUNCTION public.void_order_item(p_order_item_id uuid, p_void_reason text)
 RETURNS json
 LANGUAGE plpgsql
 SECURITY DEFINER
AS $function$
DECLARE
  v_staff_id UUID;
  v_user_id TEXT;
  v_result JSON;
BEGIN
  -- Get current user
  v_user_id := get_my_claim('sub');
  
  -- Get staff_id if exists
  SELECT id INTO v_staff_id
  FROM public.staff_profiles
  WHERE user_id = v_user_id
  LIMIT 1;
  
  -- -- Verify user has permission
  -- IF NOT has_permission('location.orders.manage') THEN
  --   RAISE EXCEPTION 'Permission denied: location.orders.manage required';
  -- END IF;
  
  UPDATE public.order_items
  SET 
    is_voided = TRUE,
    void_reason = p_void_reason,
    voided_at = NOW(),
    voided_by = v_staff_id,
    updated_at = NOW()
  WHERE id = p_order_item_id
    AND is_voided = FALSE
    AND EXISTS (
      SELECT 1 FROM public.orders o
      WHERE o.id = order_items.order_id
        AND o.merchant_id = user_merchant_id()
        AND o.location_id = ANY(user_location_ids())
        AND o.status NOT IN ('completed', 'cancelled')
    );
  
  IF NOT FOUND THEN
    RAISE EXCEPTION 'Order item not found or cannot be voided';
  END IF;
  
  SELECT json_build_object(
    'success', true,
    'order_item_id', p_order_item_id,
    'voided_at', NOW()
  ) INTO v_result;
  
  RETURN v_result;
END;
$function$
"